"station_code","fullstationname","datetimestamp","monitoringprogram","rep","Depth","F_Depth","Depth_S","F_Depth_S","SECCHI","F_SECCHI","WIND_S","F_WIND_S","WIND_D","F_WIND_D","ATEMP","F_ATEMP","WTEM_T","F_WTEM_T","SpCond_T","F_SpCond_T","pH_T","F_pH_T","DO_T","F_DO_T","SALT_T","F_SALT_T","WTEM_B","F_WTEM_B","SpCond_B","F_SpCond_B","pH_B","F_pH_B","DO_G_B","F_DO_G_B","SALT_B","F_SALT_B","DO_B","F_DO_B"
"gtmpinut","gtmpinut1.1","2025-01-14 13:21:00","1","1","15.2",NA,"3",NA,"1",NA,"4",NA,"NNE",NA,"12.5",NA,"11.62",NA,"41025",NA,"7.82",NA,"8.77",NA,"26.2",NA,"11.584",NA,"41080",NA,"7.82",NA,"8.73",NA,"26.25",NA,NA,NA
"gtmpinut","gtmpinut1.2","2025-01-14 13:23:00","1","2","15.2",NA,"3",NA,"1",NA,"4",NA,"NNE",NA,"12.5",NA,"11.62",NA,"41025",NA,"7.82",NA,"8.77",NA,"26.2",NA,"11.584",NA,"41080",NA,"7.82",NA,"8.73",NA,"26.25",NA,NA,NA
"gtmssnut","gtmssnut1.1","2025-01-14 11:57:00","1","1","22",NA,"3",NA,"2",NA,"5.8",NA,"N",NA,"12.8",NA,"13.209",NA,"51270",NA,"7.97",NA,"8.5399999999999991",NA,"33.630000000000003",NA,"13.346",NA,"51489",NA,"7.99",NA,"8.5500000000000007",NA,"33.799999999999997",NA,NA,NA
"gtmssnut","gtmssnut1.2","2025-01-14 11:59:00","1","2","22",NA,"3",NA,"2",NA,"5.8",NA,"N",NA,"12.8",NA,"13.209",NA,"51270",NA,"7.97",NA,"8.5399999999999991",NA,"33.630000000000003",NA,"13.346",NA,"51489",NA,"7.99",NA,"8.5500000000000007",NA,"33.799999999999997",NA,NA,NA
"gtmfmnut","gtmfmnut1.1","2025-01-14 10:30:00","1","1","12.7",NA,"3",NA,"1",NA,"4.8",NA,"N",NA,"10.6",NA,"12.728",NA,"51716",NA,"7.88",NA,"8.2200000000000006",NA,"33.93",NA,"12.728",NA,"51781",NA,"7.96",NA,"8.2200000000000006",NA,"33.99",NA,NA,NA
"gtmfmnut","gtmfmnut1.2","2025-01-14 10:33:00","1","2","12.7",NA,"3",NA,"1",NA,"4.8",NA,"N",NA,"10.6",NA,"12.728",NA,"51716",NA,"7.88",NA,"8.2200000000000006",NA,"33.93",NA,"12.728",NA,"51781",NA,"7.96",NA,"8.2200000000000006",NA,"33.99",NA,NA,NA
"gtmpcnut","gtmpcnut1.1","2025-01-14 12:56:00","1","1","2.4",NA,"1.4",NA,"0.9",NA,"1",NA,"N",NA,"14.7",NA,"12.7",NA,"37928",NA,"7.96",NA,"8.8000000000000007",NA,"24.06",NA,"12.3",NA,"38836",NA,"7.86",NA,"8.6999999999999993",NA,"24.69",NA,NA,NA
"gtmpcnut","gtmpcnut1.2","2025-01-14 12:58:00","1","2","2.4",NA,"1.4",NA,"0.9",NA,"1",NA,"N",NA,"14.7",NA,"12.7",NA,"37920",NA,"7.96","J","8.8000000000000007",NA,"24.06",NA,"12.3",NA,"38836",NA,"7.86","J","8.6999999999999993",NA,"24.69",NA,NA,NA
"gtmpcnut","gtmpcnut2.1","2025-01-27 09:30:00","2","1",NA,NA,NA,NA,NA,NA,NA,NA,NA,NA,NA,NA,NA,NA,NA,NA,NA,NA,NA,NA,NA,NA,"10.920999999999999",NA,"13414",NA,"7.45",NA,NA,NA,"7.76",NA,"9.7799999999999994",NA
"gtmpcnut","gtmpcnut2.2","2025-01-27 12:00:00","2","2",NA,NA,NA,NA,NA,NA,NA,NA,NA,NA,NA,NA,NA,NA,NA,NA,NA,NA,NA,NA,NA,NA,"11.15",NA,"14194",NA,"7.45",NA,NA,NA,"8.24",NA,"9.16",NA
"gtmpcnut","gtmpcnut2.3","2025-01-27 14:30:00","2","3",NA,NA,NA,NA,NA,NA,NA,NA,NA,NA,NA,NA,NA,NA,NA,NA,NA,NA,NA,NA,NA,NA,"11.849",NA,"5228",NA,"7.11",NA,NA,NA,"2.83",NA,"9.0500000000000007",NA
"gtmpcnut","gtmpcnut2.4","2025-01-27 17:00:00","2","4",NA,NA,NA,NA,NA,NA,NA,NA,NA,NA,NA,NA,NA,NA,NA,NA,NA,NA,NA,NA,NA,NA,"12.669",NA,"2631",NA,"7.01",NA,NA,NA,"1.37",NA,"9.27",NA
"gtmpcnut","gtmpcnut2.5","2025-01-27 19:30:00","2","5",NA,NA,NA,NA,NA,NA,NA,NA,NA,NA,NA,NA,NA,NA,NA,NA,NA,NA,NA,NA,NA,NA,"13.292",NA,"2940",NA,"7.03",NA,NA,NA,"1.54",NA,"9.81",NA
"gtmpcnut","gtmpcnut2.6","2025-01-27 22:00:00","2","6",NA,NA,NA,NA,NA,NA,NA,NA,NA,NA,NA,NA,NA,NA,NA,NA,NA,NA,NA,NA,NA,NA,"13.145",NA,"16848",NA,"7.5",NA,NA,NA,"9.94",NA,"9.6300000000000008",NA
"gtmpcnut","gtmpcnut2.7","2025-01-28 00:30:00","2","7",NA,NA,NA,NA,NA,NA,NA,NA,NA,NA,NA,NA,NA,NA,NA,NA,NA,NA,NA,NA,NA,NA,"12.638999999999999",NA,"8743",NA,"7.43",NA,NA,NA,"4.9000000000000004",NA,"9.24",NA
"gtmpcnut","gtmpcnut2.8","2025-01-28 03:00:00","2","8",NA,NA,NA,NA,NA,NA,NA,NA,NA,NA,NA,NA,NA,NA,NA,NA,NA,NA,NA,NA,NA,NA,"12.259",NA,"7251",NA,"7.11",NA,NA,NA,"4.01",NA,"8.8800000000000008",NA
"gtmpcnut","gtmpcnut2.9","2025-01-28 05:30:00","2","9",NA,NA,NA,NA,NA,NA,NA,NA,NA,NA,NA,NA,NA,NA,NA,NA,NA,NA,NA,NA,NA,NA,"11.845000000000001",NA,"4141",NA,"7",NA,NA,NA,"2.21",NA,"8.83",NA
"gtmpcnut","gtmpcnut2.10","2025-01-28 08:00:00","2","10",NA,NA,NA,NA,NA,NA,NA,NA,NA,NA,NA,NA,NA,NA,NA,NA,NA,NA,NA,NA,NA,NA,"12.005000000000001",NA,"3781",NA,"6.97",NA,NA,NA,"2.0099999999999998",NA,"8.8000000000000007",NA
"gtmpcnut","gtmpcnut2.11","2025-01-28 10:30:00","2","11",NA,NA,NA,NA,NA,NA,NA,NA,NA,NA,NA,NA,NA,NA,NA,NA,NA,NA,NA,NA,NA,NA,"13.489000000000001",NA,"23612",NA,"7.71",NA,NA,NA,"14.34",NA,"9.09",NA
"gtmpinut","gtmpinut1.1","2025-02-12 12:55:00","1","1","14.6",NA,"3",NA,"0.8",NA,"5",NA,"SSE",NA,"26",NA,"21.02",NA,"32500",NA,"7.66",NA,"7.17",NA,"20.28",NA,"20.309999999999999",NA,"34650",NA,"7.65",NA,"6.79",NA,"21.82",NA,NA,NA
"gtmpinut","gtmpinut1.2","2025-02-12 12:57:00","1","2","14.6",NA,"3",NA,"0.8",NA,"5",NA,"SSE",NA,"26",NA,"21.02",NA,"32500",NA,"7.66",NA,"7.17",NA,"20.28",NA,"20.309999999999999",NA,"34650",NA,"7.65",NA,"6.79",NA,"21.82",NA,NA,NA
"gtmssnut","gtmssnut1.1","2025-02-12 11:33:00","1","1","26.7",NA,"3",NA,"1.1000000000000001",NA,"3.9",NA,"SE",NA,"23.6",NA,"17.7",NA,"50665",NA,"7.97",NA,"7.51",NA,"33.29",NA,"17.649999999999999",NA,"50890",NA,"7.99",NA,"7.67",NA,"33.450000000000003",NA,NA,NA
"gtmssnut","gtmssnut1.2","2025-02-12 11:35:00","1","2","26.7",NA,"3",NA,"1.1000000000000001",NA,"3.9",NA,"SE",NA,"23.6",NA,"17.7",NA,"50665",NA,"7.97",NA,"7.51",NA,"33.29",NA,"17.649999999999999",NA,"50890",NA,"7.99",NA,"7.67",NA,"33.450000000000003",NA,NA,NA
"gtmfmnut","gtmfmnut1.1","2025-02-12 10:21:00","1","1","12.7",NA,"3",NA,"1.1000000000000001",NA,"3.8",NA,"SE",NA,"23.1",NA,"19.254999999999999",NA,"51110",NA,"7.93",NA,"6.9",NA,"33.619999999999997",NA,"19.198",NA,"51146",NA,"7.93",NA,"6.89",NA,"33.65",NA,NA,NA
"gtmfmnut","gtmfmnut1.2","2025-02-12 10:23:00","1","2","12.7",NA,"3",NA,"1.1000000000000001",NA,"3.8",NA,"SE",NA,"23.1",NA,"19.254999999999999",NA,"51110",NA,"7.93",NA,"6.9",NA,"33.619999999999997",NA,"19.198",NA,"51146",NA,"7.93",NA,"6.89",NA,"33.65",NA,NA,NA
"gtmpcnut","gtmpcnut1.1","2025-02-12 12:41:00","1","1","1.8",NA,"0.8",NA,"0.5",NA,"4.5",NA,"S",NA,"NA",NA,"22",NA,"31872",NA,"7.44",NA,"6.43",NA,"19.91",NA,"21.4",NA,"38454",NA,"7.51",NA,"6.29",NA,"24.48",NA,NA,NA
"gtmpcnut","gtmpcnut1.2","2025-02-12 12:43:00","1","2","1.8",NA,"0.8",NA,"0.5",NA,"4.5",NA,"S",NA,"NA",NA,"22",NA,"31872",NA,"7.44",NA,"6.43",NA,"19.91",NA,"21.4",NA,"38454",NA,"7.51",NA,"6.29",NA,"24.48",NA,NA,NA
"gtmpcnut","gtmpcnut2.1","2025-02-25 09:45:00","2","1",NA,NA,NA,NA,NA,NA,NA,NA,NA,NA,NA,NA,NA,NA,NA,NA,NA,NA,NA,NA,NA,NA,"16.25",NA,"36593",NA,"7.99",NA,NA,NA,"23.19",NA,"7.26",NA
"gtmpcnut","gtmpcnut2.2","2025-02-25 12:15:00","2","2",NA,NA,NA,NA,NA,NA,NA,NA,NA,NA,NA,NA,NA,NA,NA,NA,NA,NA,NA,NA,NA,NA,"16.489999999999998",NA,"28676",NA,"7.84",NA,NA,NA,"17.739999999999998",NA,"7.09",NA
"gtmpcnut","gtmpcnut2.3","2025-02-25 14:45:00","2","3",NA,NA,NA,NA,NA,NA,NA,NA,NA,NA,NA,NA,NA,NA,NA,NA,NA,NA,NA,NA,NA,NA,"17.010000000000002",NA,"19656",NA,"7.58",NA,NA,NA,"11.75",NA,"6.81",NA
"gtmpcnut","gtmpcnut2.4","2025-02-25 17:15:00","2","4",NA,NA,NA,NA,NA,NA,NA,NA,NA,NA,NA,NA,NA,NA,NA,NA,NA,NA,NA,NA,NA,NA,"17.52",NA,"18563",NA,"7.56",NA,NA,NA,"11.04",NA,"7",NA
"gtmpcnut","gtmpcnut2.5","2025-02-25 19:45:00","2","5",NA,NA,NA,NA,NA,NA,NA,NA,NA,NA,NA,NA,NA,NA,NA,NA,NA,NA,NA,NA,NA,NA,"17.46",NA,"25885",NA,"7.73",NA,NA,NA,"15.86",NA,"7.32",NA
"gtmpcnut","gtmpcnut2.6","2025-02-25 22:15:00","2","6",NA,NA,NA,NA,NA,NA,NA,NA,NA,NA,NA,NA,NA,NA,NA,NA,NA,NA,NA,NA,NA,NA,"17.45",NA,"30349",NA,"7.8",NA,NA,NA,"18.88",NA,"7.43",NA
"gtmpcnut","gtmpcnut2.7","2025-02-26 00:45:00","2","7",NA,NA,NA,NA,NA,NA,NA,NA,NA,NA,NA,NA,NA,NA,NA,NA,NA,NA,NA,NA,NA,NA,"16.899999999999999",NA,"20777",NA,"7.56",NA,NA,NA,"12.48",NA,"6.74",NA
"gtmpcnut","gtmpcnut2.8","2025-02-26 03:15:00","2","8",NA,NA,NA,NA,NA,NA,NA,NA,NA,NA,NA,NA,NA,NA,NA,NA,NA,NA,NA,NA,NA,NA,"16.670000000000002",NA,"17719",NA,"7.46",NA,NA,NA,"10.5",NA,"6.42",NA
"gtmpcnut","gtmpcnut2.9","2025-02-26 05:45:00","2","9",NA,NA,NA,NA,NA,NA,NA,NA,NA,NA,NA,NA,NA,NA,NA,NA,NA,NA,NA,NA,NA,NA,"16.03",NA,"15314",NA,"7.4",NA,NA,NA,"8.9700000000000006",NA,"6.27",NA
"gtmpcnut","gtmpcnut2.10","2025-02-26 08:15:00","2","10",NA,NA,NA,NA,NA,NA,NA,NA,NA,NA,NA,NA,NA,NA,NA,NA,NA,NA,NA,NA,NA,NA,"15.7",NA,"30153",NA,"7.71",NA,NA,NA,"18.739999999999998",NA,"6.76",NA
"gtmpcnut","gtmpcnut2.11","2025-02-26 10:45:00","2","11",NA,NA,NA,NA,NA,NA,NA,NA,NA,NA,NA,NA,NA,NA,NA,NA,NA,NA,NA,NA,NA,NA,"15.86",NA,"38259",NA,"7.94",NA,NA,NA,"24.36",NA,"7.13",NA
"gtmpinut","gtmpinut1.1","2025-03-26 11:18:00","1","1","13.8",NA,"3",NA,"0.9",NA,"3.2",NA,"NW",NA,"23.3",NA,"20.372",NA,"37804",NA,"7.72",NA,"7",NA,"24.04",NA,"20.361000000000001",NA,"37767",NA,"7.74",NA,"6.96",NA,"24.01",NA,NA,NA
"gtmpinut","gtmpinut1.2","2025-03-26 11:19:00","1","2","13.8",NA,"3",NA,"0.9",NA,"3.2",NA,"NW",NA,"23.3",NA,"20.372",NA,"37804",NA,"7.72",NA,"7",NA,"24.04",NA,"20.361000000000001",NA,"37767",NA,"7.74",NA,"6.96",NA,"24.01",NA,NA,NA
"gtmssnut","gtmssnut1.1","2025-03-26 09:34:00","1","1","26.1",NA,"3",NA,"0.9",NA,"3.2",NA,"NW",NA,"20.8",NA,"19.422000000000001",NA,"51330",NA,"7.97",NA,"6.79",NA,"33.79",NA,"19.202000000000002",NA,"52775",NA,"8.0399999999999991",NA,"7.04",NA,"34.85",NA,NA,NA
"gtmssnut","gtmssnut1.2","2025-03-26 09:36:00","1","2","26.1",NA,"3",NA,"0.9",NA,"3.2",NA,"NW",NA,"20.8",NA,"19.422000000000001",NA,"51330",NA,"7.97",NA,"6.79",NA,"33.79",NA,"19.202000000000002",NA,"52775",NA,"8.0399999999999991",NA,"7.04",NA,"34.85",NA,NA,NA
"gtmfmnut","gtmfmnut1.1","2025-03-26 08:21:00","1","1","11.7",NA,"3",NA,"1.2",NA,"0.5",NA,"NE",NA,"17.5",NA,"20.518000000000001",NA,"52784",NA,"7.93",NA,"6.95",NA,"34.869999999999997",NA,"20.504000000000001",NA,"52806",NA,"7.95",NA,"6.58",NA,"34.869999999999997",NA,NA,NA
"gtmfmnut","gtmfmnut1.2","2025-03-26 08:22:00","1","2","11.7",NA,"3",NA,"1.2",NA,"0.5",NA,"NE",NA,"17.5",NA,"20.518000000000001",NA,"52784",NA,"7.93",NA,"6.95",NA,"34.869999999999997",NA,"20.504000000000001",NA,"52806",NA,"7.95",NA,"6.58",NA,"34.869999999999997",NA,NA,NA
"gtmpcnut","gtmpcnut1.1","2025-03-26 10:46:00","1","1","2.1",NA,"1.1000000000000001",NA,"0.5",NA,"2.2000000000000002",NA,"NW",NA,"23.5",NA,"21.6",NA,"19403",NA,"7.55",NA,"6.87",NA,"11.55",NA,"21.1",NA,"31171",NA,"7.5",NA,"5.72",NA,"19.440000000000001",NA,NA,NA
"gtmpcnut","gtmpcnut1.2","2025-03-26 10:48:00","1","2","2.1",NA,"1.1000000000000001",NA,"0.5",NA,"2.2000000000000002",NA,"NW",NA,"23.5",NA,"21.6",NA,"19403",NA,"7.55",NA,"6.87",NA,"11.55",NA,"21.1",NA,"31171",NA,"7.5",NA,"5.72",NA,"19.440000000000001",NA,NA,NA
"gtmpcnut","gtmpcnut2.1","2025-03-25 09:30:00","2","1",NA,NA,NA,NA,NA,NA,NA,NA,NA,NA,NA,NA,NA,NA,NA,NA,NA,NA,NA,NA,NA,NA,"20.684000000000001",NA,"21456",NA,"7.56",NA,NA,NA,"12.91",NA,"1.85",NA
"gtmpcnut","gtmpcnut2.2","2025-03-25 12:00:00","2","2",NA,NA,NA,NA,NA,NA,NA,NA,NA,NA,NA,NA,NA,NA,NA,NA,NA,NA,NA,NA,NA,NA,"20.945",NA,"20.582000000000001",NA,"7.53",NA,NA,NA,"12.34",NA,"2.5",NA
"gtmpcnut","gtmpcnut2.3","2025-03-25 14:30:00","2","3",NA,NA,NA,NA,NA,NA,NA,NA,NA,NA,NA,NA,NA,NA,NA,NA,NA,NA,NA,NA,NA,NA,"21.059000000000001",NA,"18867",NA,"7.41",NA,NA,NA,"11.22",NA,"0.9",NA
"gtmpcnut","gtmpcnut2.4","2025-03-25 17:00:00","2","4",NA,NA,NA,NA,NA,NA,NA,NA,NA,NA,NA,NA,NA,NA,NA,NA,NA,NA,NA,NA,NA,NA,"21.206",NA,"15801",NA,"7.4",NA,NA,NA,"9.26",NA,"3.24",NA
"gtmpcnut","gtmpcnut2.5","2025-03-25 19:30:00","2","5",NA,NA,NA,NA,NA,NA,NA,NA,NA,NA,NA,NA,NA,NA,NA,NA,NA,NA,NA,NA,NA,NA,"23.31",NA,"15303",NA,"7.64",NA,NA,NA,"8.92",NA,"5.23",NA
"gtmpcnut","gtmpcnut2.6","2025-03-25 22:00:00","2","6",NA,NA,NA,NA,NA,NA,NA,NA,NA,NA,NA,NA,NA,NA,NA,NA,NA,NA,NA,NA,NA,NA,"21.969000000000001",NA,"19682",NA,"7.55",NA,NA,NA,"11.74",NA,"1.77",NA
"gtmpcnut","gtmpcnut2.7","2025-03-26 00:30:00","2","7",NA,NA,NA,NA,NA,NA,NA,NA,NA,NA,NA,NA,NA,NA,NA,NA,NA,NA,NA,NA,NA,NA,"22.338999999999999",NA,"18111",NA,"7.49",NA,NA,NA,"10.72",NA,"1.27",NA
"gtmpcnut","gtmpcnut2.8","2025-03-26 03:00:00","2","8",NA,NA,NA,NA,NA,NA,NA,NA,NA,NA,NA,NA,NA,NA,NA,NA,NA,NA,NA,NA,NA,NA,"22.295000000000002",NA,"16783",NA,"7.42",NA,NA,NA,"9.8699999999999992",NA,"0.57999999999999996",NA
"gtmpcnut","gtmpcnut2.9","2025-03-26 05:30:00","2","9",NA,NA,NA,NA,NA,NA,NA,NA,NA,NA,NA,NA,NA,NA,NA,NA,NA,NA,NA,NA,NA,NA,"22.73",NA,"14243",NA,"7.46",NA,NA,NA,"8.26",NA,"2.63",NA
"gtmpcnut","gtmpcnut2.10","2025-03-26 08:00:00","2","10",NA,NA,NA,NA,NA,NA,NA,NA,NA,NA,NA,NA,NA,NA,NA,NA,NA,NA,NA,NA,NA,NA,"21.341999999999999",NA,"13469",NA,"7.56",NA,NA,NA,"7.79",NA,"3.73",NA
"gtmpcnut","gtmpcnut2.11","2025-03-26 10:30:00","2","11",NA,NA,NA,NA,NA,NA,NA,NA,NA,NA,NA,NA,NA,NA,NA,NA,NA,NA,NA,NA,NA,NA,"21.184999999999999",NA,"20741",NA,"7.6",NA,NA,NA,"12.44",NA,"2.27",NA
"gtmpinut","gtmpinut1.1","2025-04-09 11:15:00","1","1","14.3",NA,"3",NA,"0.9",NA,"4.0999999999999996",NA,"N",NA,"21.5",NA,"23.7",NA,"49397",NA,"7.78",NA,"6.41",NA,"32.32",NA,"23.7",NA,"49381",NA,"7.8",NA,"6.4",NA,"32.31",NA,NA,NA
"gtmpinut","gtmpinut1.2","2025-04-09 11:17:00","1","2","14.3",NA,"3",NA,"0.9",NA,"4.0999999999999996",NA,"N",NA,"21.5",NA,"23.7",NA,"49397",NA,"7.78",NA,"6.41",NA,"32.32",NA,"23.7",NA,"49381",NA,"7.8",NA,"6.4",NA,"32.31",NA,NA,NA
"gtmssnut","gtmssnut1.1","2025-04-09 09:27:00","1","1","22.9",NA,"3",NA,"0.9",NA,"3.7",NA,"N",NA,"19.899999999999999",NA,"22.5",NA,"54913",NA,"7.97",NA,"6.9",NA,"36.42",NA,"22.2",NA,"55161",NA,"8.0399999999999991",NA,"6.84",NA,"36.58",NA,NA,NA
"gtmssnut","gtmssnut1.2","2025-04-09 09:29:00","1","2","22.9",NA,"3",NA,"0.9",NA,"3.7",NA,"N",NA,"19.899999999999999",NA,"22.5",NA,"54913",NA,"7.97",NA,"6.9",NA,"36.42",NA,"22.2",NA,"55161",NA,"8.0399999999999991",NA,"6.84",NA,"36.58",NA,NA,NA
"gtmfmnut","gtmfmnut1.1","2025-04-09 08:12:00","1","1","12.2",NA,"3",NA,"0.8",NA,"3.8",NA,"N",NA,"17.899999999999999",NA,"22.3",NA,"54776",NA,"8.02",NA,"6.52",NA,"36.32",NA,"22.3",NA,"54799",NA,"8.0399999999999991",NA,"6.49",NA,"36.340000000000003",NA,NA,NA
"gtmfmnut","gtmfmnut1.2","2025-04-09 08:14:00","1","2","12.2",NA,"3",NA,"0.8",NA,"3.8",NA,"N",NA,"17.899999999999999",NA,"22.3",NA,"54776",NA,"8.02",NA,"6.52",NA,"36.32",NA,"22.3",NA,"54799",NA,"8.0399999999999991",NA,"6.49",NA,"36.340000000000003",NA,NA,NA
"gtmpcnut","gtmpcnut1.1","2025-04-09 11:18:00","1","1","2.1",NA,"1.1000000000000001",NA,"0.65",NA,"1",NA,"N",NA,"23.6",NA,"22.8",NA,"29680",NA,"7.72",NA,"6.62",NA,"18.29",NA,"21.7",NA,"32843",NA,"7.65",NA,"6.33",NA,"20.43",NA,NA,NA
"gtmpcnut","gtmpcnut1.2","2025-04-09 11:20:00","1","2","2.1",NA,"1.1000000000000001",NA,"0.65",NA,"1",NA,"N",NA,"23.6",NA,"22.8",NA,"29680",NA,"7.72",NA,"6.62",NA,"18.29",NA,"21.7",NA,"32843",NA,"7.65",NA,"6.33",NA,"20.43",NA,NA,NA
"gtmpcnut","gtmpcnut2.1","2025-04-23 09:30:00","2","1",NA,NA,NA,NA,NA,NA,NA,NA,NA,NA,NA,NA,NA,NA,NA,NA,NA,NA,NA,NA,NA,NA,"25.236000000000001",NA,"37822",NA,"7.73",NA,NA,NA,"23.98",NA,"4.75",NA
"gtmpcnut","gtmpcnut2.2","2025-04-23 12:00:00","2","2",NA,NA,NA,NA,NA,NA,NA,NA,NA,NA,NA,NA,NA,NA,NA,NA,NA,NA,NA,NA,NA,NA,"25.628",NA,"36796",NA,"7.69",NA,NA,NA,"23.25",NA,"4.4800000000000004",NA
"gtmpcnut","gtmpcnut2.3","2025-04-23 14:30:00","2","3",NA,NA,NA,NA,NA,NA,NA,NA,NA,NA,NA,NA,NA,NA,NA,NA,NA,NA,NA,NA,NA,NA,"26.390999999999998",NA,"32505",NA,"7.63",NA,NA,NA,"20.260000000000002",NA,"4.66",NA
"gtmpcnut","gtmpcnut2.4","2025-04-23 17:00:00","2","4",NA,NA,NA,NA,NA,NA,NA,NA,NA,NA,NA,NA,NA,NA,NA,NA,NA,NA,NA,NA,NA,NA,"29.43",NA,"25526",NA,"7.84",NA,NA,NA,"15.48",NA,"7.35",NA
"gtmpcnut","gtmpcnut2.5","2025-04-23 19:30:00","2","5",NA,NA,NA,NA,NA,NA,NA,NA,NA,NA,NA,NA,NA,NA,NA,NA,NA,NA,NA,NA,NA,NA,"28.288",NA,"35612",NA,"7.87",NA,NA,NA,"22.37",NA,"6.8",NA
"gtmpcnut","gtmpcnut2.6","2025-04-23 22:00:00","2","6",NA,NA,NA,NA,NA,NA,NA,NA,NA,NA,NA,NA,NA,NA,NA,NA,NA,NA,NA,NA,NA,NA,"27.954999999999998",NA,"36892",NA,"7.82",NA,NA,NA,"23.27",NA,"6.17",NA
"gtmpcnut","gtmpcnut2.7","2025-04-24 00:30:00","2","7",NA,NA,NA,NA,NA,NA,NA,NA,NA,NA,NA,NA,NA,NA,NA,NA,NA,NA,NA,NA,NA,NA,"27.739000000000001",NA,"35609",NA,"7.77",NA,NA,NA,"22.38",NA,"5.75",NA
"gtmpcnut","gtmpcnut2.8","2025-04-24 03:00:00","2","8",NA,NA,NA,NA,NA,NA,NA,NA,NA,NA,NA,NA,NA,NA,NA,NA,NA,NA,NA,NA,NA,NA,"27.463000000000001",NA,"30471",NA,"7.64",NA,NA,NA,"18.850000000000001",NA,"4.72",NA
"gtmpcnut","gtmpcnut2.9","2025-04-24 05:30:00","2","9",NA,NA,NA,NA,NA,NA,NA,NA,NA,NA,NA,NA,NA,NA,NA,NA,NA,NA,NA,NA,NA,NA,"26.161000000000001",NA,"26638",NA,"7.68",NA,NA,NA,"16.28",NA,"5.72",NA
"gtmpcnut","gtmpcnut2.10","2025-04-24 08:00:00","2","10",NA,NA,NA,NA,NA,NA,NA,NA,NA,NA,NA,NA,NA,NA,NA,NA,NA,NA,NA,NA,NA,NA,"25.597999999999999",NA,"37779",NA,"7.73",NA,NA,NA,"23.94",NA,"4.97",NA
"gtmpcnut","gtmpcnut2.11","2025-04-24 10:30:00","2","11",NA,NA,NA,NA,NA,NA,NA,NA,NA,NA,NA,NA,NA,NA,NA,NA,NA,NA,NA,NA,NA,NA,"25.617000000000001",NA,"38245",NA,"7.74",NA,NA,NA,"24.27",NA,"5.0599999999999996",NA
"gtmpinut","gtmpinut1.1","2025-05-28 13:30:00","1","1","12.9",NA,"3",NA,"0.75",NA,"4.7",NA,"E",NA,"30.3",NA,"29.12",NA,"53489",NA,"7.41",NA,"4.67",NA,"35.200000000000003",NA,"29.02",NA,"53513",NA,"7.41",NA,"4.49",NA,"35.22",NA,NA,NA
"gtmpinut","gtmpinut1.2","2025-05-28 13:32:00","1","2","12.9",NA,"3",NA,"0.75",NA,"4.7",NA,"E",NA,"30.3",NA,"29.12",NA,"53489",NA,"7.41",NA,"4.67",NA,"35.200000000000003",NA,"29.02",NA,"53513",NA,"7.41",NA,"4.49",NA,"35.22",NA,NA,NA
"gtmssnut","gtmssnut1.1","2025-05-28 12:19:00","1","1","26.1",NA,"3",NA,"0.7",NA,"3.1",NA,"SW",NA,"30.5",NA,"27.98",NA,"54889",NA,"7.76",NA,"5.89",NA,"36.28",NA,"27.48","YSI Handheld did not reach bottom of water column","55121","YSI Handheld did not reach bottom of water column","7.88","YSI Handheld did not reach bottom of water column","6.19","YSI Handheld did not reach bottom of water column","36.47","YSI Handheld did not reach bottom of water column",NA,NA
"gtmssnut","gtmssnut1.2","2025-05-28 12:21:00","1","2","26.1",NA,"3",NA,"0.7",NA,"3.1",NA,"SW",NA,"30.5",NA,"27.98",NA,"54889",NA,"7.76",NA,"5.89",NA,"36.28",NA,"27.48",NA,"55121",NA,"7.88",NA,"6.19",NA,"36.47",NA,NA,NA
"gtmfmnut","gtmfmnut1.1","2025-05-28 11:21:00","1","1","11.8",NA,"3",NA,"1.2",NA,"3",NA,"SW",NA,"28.6",NA,"26.96",NA,"55111",NA,"7.88",NA,"5.92",NA,"36.479999999999997",NA,"26.94",NA,"55118",NA,"7.88",NA,"5.89",NA,"36.479999999999997",NA,NA,NA
"gtmfmnut","gtmfmnut1.2","2025-05-28 11:23:00","1","2","11.8",NA,"3",NA,"1.2",NA,"3",NA,"SW",NA,"28.6",NA,"26.96",NA,"55111",NA,"7.88",NA,"5.92",NA,"36.479999999999997",NA,"26.94",NA,"55118",NA,"7.88",NA,"5.89",NA,"36.479999999999997",NA,NA,NA
"gtmpcnut","gtmpcnut1.1","2025-05-28 14:07:00","1","1","2.2999999999999998",NA,"0.1",NA,"0.5",NA,"0.6",NA,"SE",NA,"33",NA,"30.7",NA,"37740",NA,"7.58",NA,"6.44",NA,"23.8",NA,"30.1",NA,"40612",NA,"7.55",NA,"6.13",NA,"26",NA,NA,NA
"gtmpcnut","gtmpcnut1.2","2025-05-28 14:08:00","1","2","2.2999999999999998",NA,"0.1",NA,"0.5",NA,"0.6",NA,"SE",NA,"33",NA,"30.7",NA,"37740",NA,"7.58",NA,"6.44",NA,"23.8",NA,"30.1",NA,"40612",NA,"7.55",NA,"6.13",NA,"26",NA,NA,NA
"gtmpcnut","gtmpcnut2.1","2025-05-14 09:30:00","2","1",NA,NA,NA,NA,NA,NA,NA,NA,NA,NA,NA,NA,NA,NA,NA,NA,NA,NA,NA,NA,NA,NA,"26.015999999999998",NA,"18959",NA,"7.22",NA,NA,NA,"11.23",NA,"4.3600000000000003",NA
"gtmpcnut","gtmpcnut2.2","2025-05-14 12:00:00","2","2",NA,NA,NA,NA,NA,NA,NA,NA,NA,NA,NA,NA,NA,NA,NA,NA,NA,NA,NA,NA,NA,NA,"27.068999999999999",NA,"26791",NA,"7.47",NA,NA,NA,"16.37",NA,"5.83",NA
"gtmpcnut","gtmpcnut2.3","2025-05-14 14:30:00","2","3",NA,NA,NA,NA,NA,NA,NA,NA,NA,NA,NA,NA,NA,NA,NA,NA,NA,NA,NA,NA,NA,NA,"26.95",NA,"33919",NA,"7.46",NA,NA,NA,"21.22",NA,"4.8600000000000003",NA
"gtmpcnut","gtmpcnut2.4","2025-05-14 17:00:00","2","4",NA,NA,NA,NA,NA,NA,NA,NA,NA,NA,NA,NA,NA,NA,NA,NA,NA,NA,NA,NA,NA,NA,"26.981000000000002",NA,"28961",NA,"7.36",NA,NA,NA,"17.829999999999998",NA,"4.51",NA
"gtmpcnut","gtmpcnut2.5","2025-05-14 19:30:00","2","5",NA,NA,NA,NA,NA,NA,NA,NA,NA,NA,NA,NA,NA,NA,NA,NA,NA,NA,NA,NA,NA,NA,"27.734999999999999",NA,"21950",NA,"7.28",NA,NA,NA,"13.15",NA,"4.8499999999999996",NA
"gtmpcnut","gtmpcnut2.6","2025-05-14 22:00:00","2","6",NA,NA,NA,NA,NA,NA,NA,NA,NA,NA,NA,NA,NA,NA,NA,NA,NA,NA,NA,NA,NA,NA,"28.350999999999999",NA,"20001",NA,"7.55",NA,NA,NA,"11.87",NA,"6.68",NA
"gtmpcnut","gtmpcnut2.7","2025-05-15 00:30:00","2","7",NA,NA,NA,NA,NA,NA,NA,NA,NA,NA,NA,NA,NA,NA,NA,NA,NA,NA,NA,NA,NA,NA,"27.648",NA,"31847",NA,"7.64",NA,NA,NA,"19.78",NA,"5.82",NA
"gtmpcnut","gtmpcnut2.8","2025-05-15 03:00:00","2","8",NA,NA,NA,NA,NA,NA,NA,NA,NA,NA,NA,NA,NA,NA,NA,NA,NA,NA,NA,NA,NA,NA,"27.375",NA,"34814",NA,"7.67",NA,NA,NA,"21.84",NA,"5.51",NA
"gtmpcnut","gtmpcnut2.9","2025-05-15 05:30:00","2","9",NA,NA,NA,NA,NA,NA,NA,NA,NA,NA,NA,NA,NA,NA,NA,NA,NA,NA,NA,NA,NA,NA,"27.256",NA,"27892",NA,"7.47",NA,NA,NA,"17.100000000000001",NA,"4.8",NA
"gtmpcnut","gtmpcnut2.10","2025-05-15 08:00:00","2","10",NA,NA,NA,NA,NA,NA,NA,NA,NA,NA,NA,NA,NA,NA,NA,NA,NA,NA,NA,NA,NA,NA,"26.911999999999999",NA,"24045",NA,"7.33",NA,NA,NA,"14.54",NA,"4.34",NA
"gtmpcnut","gtmpcnut2.11","2025-05-15 10:30:00","2","11",NA,NA,NA,NA,NA,NA,NA,NA,NA,NA,NA,NA,NA,NA,NA,NA,NA,NA,NA,NA,NA,NA,"26.715",NA,"18690",NA,"7.34",NA,NA,NA,"11.05",NA,"5.29",NA
"gtmpinut","gtmpinut1.1","2025-06-10 12:44:00","1","1","13.2",NA,"3",NA,"0.55000000000000004",NA,"3.4",NA,"S",NA,"27.4",NA,"28.98",NA,"49168",NA,"7.44",NA,"5.19",NA,"32.01",NA,"28.97",NA,"49212",NA,"7.46",NA,"5.12",NA,"32.049999999999997",NA,NA,NA
"gtmpinut","gtmpinut1.2","2025-06-10 12:46:00","1","2","13.2",NA,"3",NA,"0.55000000000000004",NA,"3.4",NA,"S",NA,"27.4",NA,"28.98",NA,"49168",NA,"7.44",NA,"5.19",NA,"32.01",NA,"28.97",NA,"49212",NA,"7.46",NA,"5.12",NA,"32.049999999999997",NA,NA,NA
"gtmssnut","gtmssnut1.1","2025-06-10 11:06:00","1","1","25.9",NA,"3",NA,"0.35",NA,"0.4",NA,"ESE",NA,"30.9",NA,"28.45",NA,"53937",NA,"7.74",NA,"5.8",NA,"35.549999999999997",NA,"27.94",NA,"53998",NA,"7.78",NA,"5.77",NA,"35361",NA,NA,NA
"gtmssnut","gtmssnut1.2","2025-06-10 11:08:00","1","2","25.9",NA,"3",NA,"0.35",NA,"0.4",NA,"ESE",NA,"30.9",NA,"28.45",NA,"53937",NA,"7.74",NA,"5.8",NA,"35.549999999999997",NA,"27.94",NA,"53998",NA,"7.78",NA,"5.77",NA,"35.61",NA,NA,NA
"gtmfmnut","gtmfmnut1.1","2025-06-10 10:05:00","1","1","10.4",NA,"2.5",NA,"0.9",NA,"0.8",NA,"S",NA,"30.4",NA,"26.17",NA,"53409",NA,"7.86",NA,"6.29",NA,"35.229999999999997",NA,"26.07",NA,"54694",NA,"7.9",NA,"6.23",NA,"36.18",NA,NA,NA
"gtmfmnut","gtmfmnut1.2","2025-06-10 10:07:00","1","2","10.4",NA,"2.5",NA,"0.9",NA,"0.8",NA,"S",NA,"30.4",NA,"26.17",NA,"53409",NA,"7.86",NA,"6.29",NA,"35.229999999999997",NA,"26.07",NA,"54694",NA,"7.9",NA,"6.23",NA,"36.18",NA,NA,NA
"gtmpcnut","gtmpcnut1.1","2025-06-10 13:22:00","1","1","1.8",NA,"1",NA,"0.7",NA,"0",NA,"NA",NA,"25",NA,"30.1",NA,"18677",NA,"7.56",NA,"6.79",NA,"10.97",NA,"30.6",NA,"28769",NA,"7.49",NA,"4.28",NA,"16.350000000000001",NA,NA,NA
"gtmpcnut","gtmpcnut1.2","2025-06-10 13:23:00","1","2","1.8",NA,"1",NA,"0.7",NA,"0",NA,"NA",NA,"25",NA,"30.1",NA,"18677",NA,"7.56",NA,"6.79",NA,"10.97",NA,"30.6",NA,"28769",NA,"7.49",NA,"4.28",NA,"16.350000000000001",NA,NA,NA
"gtmpcnut","gtmpcnut2.1","2025-06-23 09:30:00","2","1",NA,NA,NA,NA,NA,NA,NA,NA,NA,NA,NA,NA,NA,NA,NA,NA,NA,NA,NA,NA,NA,NA,"30.97",NA,"30225",NA,"7.5",NA,NA,NA,"18.600000000000001",NA,"3.72",NA
"gtmpcnut","gtmpcnut2.2","2025-06-23 12:00:00","2","2",NA,NA,NA,NA,NA,NA,NA,NA,NA,NA,NA,NA,NA,NA,NA,NA,NA,NA,NA,NA,NA,NA,"31.19",NA,"32075",NA,"7.45",NA,NA,NA,"19.86",NA,"2.95",NA
"gtmpcnut","gtmpcnut2.3","2025-06-23 14:30:00","2","3",NA,NA,NA,NA,NA,NA,NA,NA,NA,NA,NA,NA,NA,NA,NA,NA,NA,NA,NA,NA,NA,NA,"31.76",NA,"27873",NA,"7.4",NA,NA,NA,"17",NA,"2.82",NA
"gtmpcnut","gtmpcnut2.4","2025-06-23 17:00:00","2","4",NA,NA,NA,NA,NA,NA,NA,NA,NA,NA,NA,NA,NA,NA,NA,NA,NA,NA,NA,NA,NA,NA,"32.340000000000003",NA,"22158",NA,"7.35",NA,NA,NA,"13.21",NA,"3.5",NA
"gtmpcnut","gtmpcnut2.5","2025-06-23 19:30:00","2","5",NA,NA,NA,NA,NA,NA,NA,NA,NA,NA,NA,NA,NA,NA,NA,NA,NA,NA,NA,NA,NA,NA,"34.380000000000003",NA,"19.838999999999999",NA,"7.78",NA,NA,NA,"11.67",NA,"6.77",NA
"gtmpcnut","gtmpcnut2.6","2025-06-23 22:00:00","2","6",NA,NA,NA,NA,NA,NA,NA,NA,NA,NA,NA,NA,NA,NA,NA,NA,NA,NA,NA,NA,NA,NA,"33.57",NA,"37026",NA,"7.84",NA,NA,NA,"23.21",NA,"5.69",NA
"gtmpcnut","gtmpcnut2.7","2025-06-24 00:30:00","2","7",NA,NA,NA,NA,NA,NA,NA,NA,NA,NA,NA,NA,NA,NA,NA,NA,NA,NA,NA,NA,NA,NA,"33.270000000000003",NA,"38502",NA,"7.85",NA,NA,NA,"24.25",NA,"5.52",NA
"gtmpcnut","gtmpcnut2.8","2025-06-24 03:00:00","2","8",NA,NA,NA,NA,NA,NA,NA,NA,NA,NA,NA,NA,NA,NA,NA,NA,NA,NA,NA,NA,NA,NA,"32.369999999999997",NA,"25435",NA,"7.51",NA,NA,NA,"15.36",NA,"4.3099999999999996",NA
"gtmpcnut","gtmpcnut2.9","2025-06-24 05:30:00","2","9",NA,NA,NA,NA,NA,NA,NA,NA,NA,NA,NA,NA,NA,NA,NA,NA,NA,NA,NA,NA,NA,NA,"32.020000000000003",NA,"22515",NA,"7.4",NA,NA,NA,"13.45",NA,"3.83",NA
"gtmpcnut","gtmpcnut2.10","2025-06-24 08:00:00","2","10",NA,NA,NA,NA,NA,NA,NA,NA,NA,NA,NA,NA,NA,NA,NA,NA,NA,NA,NA,NA,NA,NA,"31",NA,"20665",NA,"7.38",NA,NA,NA,"12.26",NA,"4.07",NA
"gtmpcnut","gtmpcnut2.11","2025-06-24 10:30:00","2","11",NA,NA,NA,NA,NA,NA,NA,NA,NA,NA,NA,NA,NA,NA,NA,NA,NA,NA,NA,NA,NA,NA,"31.42",NA,"30774",NA,"7.52",NA,NA,NA,"18.97",NA,"4.3099999999999996",NA
"gtmpinut","gtmpinut1.1","2025-07-09 10:30:00","1","1","14.1",NA,"3",NA,"1.1000000000000001",NA,"0.8",NA,"NW",NA,"28",NA,"29.08",NA,"51109",NA,"7.57",NA,"5.37",NA,"33.44",NA,"29.01",NA,"51218",NA,"7.56",NA,"5.21",NA,"33.520000000000003",NA,NA,NA
"gtmpinut","gtmpinut1.2","2025-07-09 10:32:00","1","2","14.1",NA,"3",NA,"1.1000000000000001",NA,"0.8",NA,"NW",NA,"28",NA,"29.08",NA,"51109",NA,"7.57",NA,"5.37",NA,"33.44",NA,"29.01",NA,"51218",NA,"7.56",NA,"5.21",NA,"33.520000000000003",NA,NA,NA
"gtmssnut","gtmssnut1.1","2025-07-09 09:08:00","1","1","26.8",NA,"3",NA,"1",NA,"0.5",NA,"SW",NA,"27.2",NA,"25.9",NA,"54846",NA,"7.95",NA,"5.94",NA,"36.299999999999997",NA,"25.81",NA,"54916",NA,"7.88",NA,"5.91",NA,"36.36",NA,NA,NA
"gtmssnut","gtmssnut1.2","2025-07-09 09:10:00","1","2","26.8",NA,"3",NA,"1",NA,"0.5",NA,"SW",NA,"27.2",NA,"25.9",NA,"54846",NA,"7.95",NA,"5.94",NA,"36.299999999999997",NA,"25.81",NA,"54916",NA,"7.88",NA,"5.91",NA,"36.36",NA,NA,NA
"gtmfmnut","gtmfmnut1.1","2025-07-09 13:05:00","1","1","9.6999999999999993",NA,"0.1",NA,"1",NA,"0.8",NA,"SW",NA,"33.1",NA,"28.57",NA,"53367",NA,"7.71",NA,"5.34",NA,"35.130000000000003",NA,"27.7",NA,"53518",NA,"7.76",NA,"5.05",NA,"35.26",NA,NA,NA
"gtmfmnut","gtmfmnut1.2","2025-07-09 13:06:00","1","2","9.6999999999999993",NA,"0.1",NA,"1",NA,"0.8",NA,"SW",NA,"33.1",NA,"28.57",NA,"53367",NA,"7.71",NA,"5.34",NA,"35.130000000000003",NA,"27.7",NA,"53518",NA,"7.76",NA,"5.05",NA,"35.26",NA,NA,NA
"gtmpcnut","gtmpcnut1.1","2025-07-09 12:39:00","1","1","2",NA,"1",NA,"0.7",NA,"1.9",NA,"W",NA,"31.85",NA,"30.4",NA,"10760",NA,"7.41",NA,"6.19",NA,"5.99",NA,"29.9",NA,"26445",NA,"7.28",NA,"3.46",NA,"16.45",NA,NA,NA
"gtmpcnut","gtmpcnut1.2","2025-07-09 12:40:00","1","2","2",NA,"1",NA,"0.7",NA,"1.9",NA,"W",NA,"31.8",NA,"30.4",NA,"10760",NA,"7.41",NA,"6.19",NA,"5.99",NA,"29.9",NA,"26445",NA,"7.28",NA,"3.46",NA,"16.45",NA,NA,NA
"gtmpcnut","gtmpcnut2.1","2025-07-22 09:30:00","2","1",NA,NA,NA,NA,NA,NA,NA,NA,NA,NA,NA,NA,NA,NA,NA,NA,NA,NA,NA,NA,NA,NA,"NA","<-2> [STF] (CSM)","NA","<-2> [STF] (CSM)","7.3","<-3> [STF]",NA,NA,"11","<0> (CSM)","3.6","<-3> [STF]"
"gtmpcnut","gtmpcnut2.2","2025-07-22 12:00:00","2","2",NA,NA,NA,NA,NA,NA,NA,NA,NA,NA,NA,NA,NA,NA,NA,NA,NA,NA,NA,NA,NA,NA,"NA","<-2> [STF] (CSM)","NA","<-2> [STF] (CSM)","7.2","<-3> [STF]",NA,NA,"8","<0> (CSM)","3.1","<-3> [STF]"
"gtmpcnut","gtmpcnut2.3","2025-07-22 14:30:00","2","3",NA,NA,NA,NA,NA,NA,NA,NA,NA,NA,NA,NA,NA,NA,NA,NA,NA,NA,NA,NA,NA,NA,"NA","<-2> [STF] (CSM)","NA","<-2> [STF] (CSM)","7.1","<-3> [STF]",NA,NA,"5","<0> (CSM)","3.7","<-3> [STF]"
"gtmpcnut","gtmpcnut2.4","2025-07-22 17:00:00","2","4",NA,NA,NA,NA,NA,NA,NA,NA,NA,NA,NA,NA,NA,NA,NA,NA,NA,NA,NA,NA,NA,NA,"NA","<-2> [STF] (CSM)","NA","<-2> [STF] (CSM)","7","<-3> [STF]",NA,NA,"4","<0> (CSM)","2.9","<-3> [STF]"
"gtmpcnut","gtmpcnut2.5","2025-07-22 19:30:00","2","5",NA,NA,NA,NA,NA,NA,NA,NA,NA,NA,NA,NA,NA,NA,NA,NA,NA,NA,NA,NA,NA,NA,"NA","<-2> [STF] (CSM)","NA","<-2> [STF] (CSM)","7.2","<-3> [STF]",NA,NA,"5","<0> (CSM)","4.8","<-3> [STF]"
"gtmpcnut","gtmpcnut2.6","2025-07-22 22:00:00","2","6",NA,NA,NA,NA,NA,NA,NA,NA,NA,NA,NA,NA,NA,NA,NA,NA,NA,NA,NA,NA,NA,NA,"NA","<-2> [STF] (CSM)","NA","<-2> [STF] (CSM)","7.6","<-3> [STF]",NA,NA,"15","<0> (CSM)","6","<-3> [STF]"
"gtmpcnut","gtmpcnut2.7","2025-07-23 00:30:00","2","7",NA,NA,NA,NA,NA,NA,NA,NA,NA,NA,NA,NA,NA,NA,NA,NA,NA,NA,NA,NA,NA,NA,"NA","<-2> [STF] (CSM)","NA","<-2> [STF] (CSM)","7.6","<-3> [STF]",NA,NA,"15","<0> (CSM)","5.7","<-3> [STF]"
"gtmpcnut","gtmpcnut2.8","2025-07-23 03:00:00","2","8",NA,NA,NA,NA,NA,NA,NA,NA,NA,NA,NA,NA,NA,NA,NA,NA,NA,NA,NA,NA,NA,NA,"NA","<-2> [STF] (CSM)","NA","<-2> [STF] (CSM)","7.1","<-3> [STF]",NA,NA,"7","<0> (CSM)","3.4","<-3> [STF]"
"gtmpcnut","gtmpcnut2.9","2025-07-23 05:30:00","2","9",NA,NA,NA,NA,NA,NA,NA,NA,NA,NA,NA,NA,NA,NA,NA,NA,NA,NA,NA,NA,NA,NA,"NA","<-2> [STF] (CSM)","NA","<-2> [STF] (CSM)","7","<-3> [STF]",NA,NA,"4","<0> (CSM)","2.4","<-3> [STF]"
"gtmpcnut","gtmpcnut2.10","2025-07-23 08:00:00","2","10",NA,NA,NA,NA,NA,NA,NA,NA,NA,NA,NA,NA,NA,NA,NA,NA,NA,NA,NA,NA,NA,NA,"NA","<-2> [STF] (CSM)","NA","<-2> [STF] (CSM)","7","<-3> [STF]",NA,NA,"5","<0> (CSM)","3","<-3> [STF]"
"gtmpcnut","gtmpcnut2.11","2025-07-23 10:30:00","2","11",NA,NA,NA,NA,NA,NA,NA,NA,NA,NA,NA,NA,NA,NA,NA,NA,NA,NA,NA,NA,NA,NA,"NA","<-2> [STF] (CSM)","NA","<-2> [STF] (CSM)","7.2","<-3> [STF]",NA,NA,"14","<0> (CSM)","3","<-3> [STF]"
"gtmpinut","gtmpinut1.1","2025-08-06 10:42:00","1","1","13.8",NA,"3",NA,"1",NA,"0",NA,"NA",NA,"31",NA,"30.62",NA,"41610",NA,"7.29",NA,"3.77",NA,"26.52",NA,"30.61",NA,"41652",NA,"7.31",NA,"3.77",NA,"26.56",NA,NA,NA
"gtmpinut","gtmpinut1.2","2025-08-06 10:45:00","1","2","13.8",NA,"3",NA,"1",NA,"0",NA,"NA",NA,"31",NA,"30.62",NA,"41610",NA,"7.29",NA,"3.77",NA,"26.52",NA,"30.61",NA,"41652",NA,"7.31",NA,"3.77",NA,"26.56",NA,NA,NA
"gtmssnut","gtmssnut1.1","2025-08-06 09:23:00","1","1","26.4",NA,"3",NA,"0.8",NA,"0.4",NA,"N",NA,"29",NA,"28.78",NA,"52608",NA,"7.72",NA,"4.5199999999999996",NA,"34.56",NA,"28.67",NA,"52687",NA,"7.75",NA,"4.62",NA,"34.65",NA,NA,NA
"gtmssnut","gtmssnut1.2","2025-08-06 09:25:00","1","2","26.4",NA,"3",NA,"0.8",NA,"0.4",NA,"NA",NA,"29",NA,"28.78",NA,"52608",NA,"7.72",NA,"4.5199999999999996",NA,"34.56",NA,"28.67",NA,"52687",NA,"7.75",NA,"4.62",NA,"34.65",NA,NA,NA
"gtmfmnut","gtmfmnut1.1","2025-08-06 08:16:00","1","1","11.1",NA,"2.5",NA,"1.1000000000000001",NA,"2.2000000000000002",NA,"N",NA,"26.7",NA,"28.62",NA,"52962",NA,"7.89",NA,"5.17",NA,"34.799999999999997",NA,"28.62",NA,"53051",NA,"7.89",NA,"5.31",NA,"34.89",NA,NA,NA
"gtmfmnut","gtmfmnut1.2","2025-08-06 08:19:00","1","2","11.1",NA,"2.5",NA,"1.1000000000000001",NA,"2.2000000000000002",NA,"N",NA,"26.7",NA,"28.62",NA,"52962",NA,"7.89",NA,"5.17",NA,"34.799999999999997",NA,"28.62",NA,"53051",NA,"7.89",NA,"5.31",NA,"34.89",NA,NA,NA
"gtmpcnut","gtmpcnut1.1","2025-08-06 11:14:00","1","1","2.2000000000000002",NA,"1.2",NA,"0.5",NA,"0.7",NA,"NE",NA,"30.6",NA,"31.1",NA,"15615",NA,"6.89",NA,"4.0999999999999996",NA,"9.0299999999999994",NA,"29.9",NA,"23400",NA,"6.99",NA,"3.28",NA,"13.93",NA,NA,NA
"gtmpcnut","gtmpcnut1.2","2025-08-06 11:16:00","1","2","2.2000000000000002",NA,"1.2",NA,"0.5",NA,"0.7",NA,"NE",NA,"30.6",NA,"31.1",NA,"15615",NA,"6.89",NA,"4.0999999999999996",NA,"9.0299999999999994",NA,"29.9",NA,"23400",NA,"6.99",NA,"3.28",NA,"13.93",NA,NA,NA
"gtmpcnut","gtmpcnut2.1","2025-08-19 09:30:00","2","1",NA,NA,NA,NA,NA,NA,NA,NA,NA,NA,NA,NA,NA,NA,NA,NA,NA,NA,NA,NA,NA,NA,"31.341000000000001",NA,"35529",NA,"7.32",NA,NA,NA,"22.23",NA,"2.75",NA
"gtmpcnut","gtmpcnut2.2","2025-08-19 12:00:00","2","2",NA,NA,NA,NA,NA,NA,NA,NA,NA,NA,NA,NA,NA,NA,NA,NA,NA,NA,NA,NA,NA,NA,"31.792999999999999",NA,"20404",NA,"7.12",NA,NA,NA,"12.08",NA,"3.25",NA
"gtmpcnut","gtmpcnut2.3","2025-08-19 14:30:00","2","3",NA,NA,NA,NA,NA,NA,NA,NA,NA,NA,NA,NA,NA,NA,NA,NA,NA,NA,NA,NA,NA,NA,"31.917999999999999",NA,"14934",NA,"7.03",NA,NA,NA,"8.6",NA,"3.41",NA
"gtmpcnut","gtmpcnut2.4","2025-08-19 17:00:00","2","4",NA,NA,NA,NA,NA,NA,NA,NA,NA,NA,NA,NA,NA,NA,NA,NA,NA,NA,NA,NA,NA,NA,"33.965000000000003",NA,"16642",NA,"7.18",NA,NA,NA,"9.64",NA,"5.1100000000000003",NA
"gtmpcnut","gtmpcnut2.5","2025-08-19 19:30:00","2","5",NA,NA,NA,NA,NA,NA,NA,NA,NA,NA,NA,NA,NA,NA,NA,NA,NA,NA,NA,NA,NA,NA,"33.880000000000003",NA,"31525",NA,"7.5",NA,NA,NA,"19.420000000000002",NA,"5.7",NA
"gtmpcnut","gtmpcnut2.6","2025-08-19 22:00:00","2","6",NA,NA,NA,NA,NA,NA,NA,NA,NA,NA,NA,NA,NA,NA,NA,NA,NA,NA,NA,NA,NA,NA,"33.08",NA,"43786",NA,"7.83",NA,NA,NA,"27.99",NA,"5.62",NA
"gtmpcnut","gtmpcnut2.7","2025-08-20 00:30:00","2","7",NA,NA,NA,NA,NA,NA,NA,NA,NA,NA,NA,NA,NA,NA,NA,NA,NA,NA,NA,NA,NA,NA,"32.935000000000002",NA,"36865",NA,"7.62",NA,NA,NA,"23.12",NA,"5.01",NA
"gtmpcnut","gtmpcnut2.8","2025-08-20 03:00:00","2","8",NA,NA,NA,NA,NA,NA,NA,NA,NA,NA,NA,NA,NA,NA,NA,NA,NA,NA,NA,NA,NA,NA,"32.137",NA,"23044",NA,"7.14",NA,NA,NA,"13.79",NA,"3.55",NA
"gtmpcnut","gtmpcnut2.9","2025-08-20 05:30:00","2","9",NA,NA,NA,NA,NA,NA,NA,NA,NA,NA,NA,NA,NA,NA,NA,NA,NA,NA,NA,NA,NA,NA,"31.675999999999998",NA,"21187",NA,"7.07",NA,NA,NA,"12.59",NA,"3.51",NA
"gtmpcnut","gtmpcnut2.10","2025-08-20 08:00:00","2","10",NA,NA,NA,NA,NA,NA,NA,NA,NA,NA,NA,NA,NA,NA,NA,NA,NA,NA,NA,NA,NA,NA,"31.141999999999999",NA,"35801",NA,"7.29",NA,NA,NA,"22.43",NA,"3.18",NA
"gtmpcnut","gtmpcnut2.11","2025-08-20 10:30:00","2","11",NA,NA,NA,NA,NA,NA,NA,NA,NA,NA,NA,NA,NA,NA,NA,NA,NA,NA,NA,NA,NA,NA,"30.913",NA,"41188",NA,"7.48",NA,NA,NA,"26.21",NA,"3.02",NA
"gtmpinut","gtmpinut1.1","2025-09-08 12:47:00","1","1","16.7",NA,"3",NA,"0.8",NA,"6.9",NA,"ENE",NA,"30.4",NA,"29.46",NA,"35992",NA,"7.5",NA,"4.84",NA,"22.6",NA,"29.187999999999999",NA,"37876",NA,"7.53",NA,"4.6399999999999997",NA,"23.92",NA,NA,NA
"gtmpinut","gtmpinut1.2","2025-09-08 12:50:00","1","2","16.7",NA,"3",NA,"0.8",NA,"6.9",NA,"ENE",NA,"30.4",NA,"29.46",NA,"35992",NA,"7.5",NA,"4.84",NA,"22.6",NA,"29.187999999999999",NA,"37876",NA,"7.53",NA,"4.6399999999999997",NA,"23.92",NA,NA,NA
"gtmssnut","gtmssnut1.1","2025-09-08 11:35:00","1","1","24.2",NA,"3",NA,"1",NA,"8.1999999999999993",NA,"NE",NA,"30",NA,"28.97",NA,"48440",NA,"8.01",NA,"6.52",NA,"31.48",NA,"29.02",NA,"48653",NA,"8.02",NA,"6.63",NA,"31.64",NA,NA,NA
"gtmssnut","gtmssnut1.2","2025-09-08 11:37:00","1","2","24.2",NA,"3",NA,"1",NA,"8.1999999999999993",NA,"NE",NA,"30",NA,"28.97",NA,"48440",NA,"8.01",NA,"6.52",NA,"31.48",NA,"29.02",NA,"48653",NA,"8.02",NA,"6.63",NA,"31.64",NA,NA,NA
"gtmfmnut","gtmfmnut1.1","2025-09-08 10:37:00","1","1","13.8",NA,"3",NA,"1.2",NA,"3.7",NA,"NNE",NA,"30",NA,"29.2",NA,"49026",NA,"7.93",NA,"5.91",NA,"31.91",NA,"29.22",NA,"49088",NA,"7.94",NA,"5.87",NA,"31.96",NA,NA,NA
"gtmfmnut","gtmfmnut1.2","2025-09-08 10:39:00","1","2","13.8",NA,"3",NA,"1.2",NA,"3.7",NA,"NNE",NA,"30",NA,"29.2",NA,"49026",NA,"7.93",NA,"5.91",NA,"31.91",NA,"29.22",NA,"49088",NA,"7.94",NA,"5.87",NA,"31.96",NA,NA,NA
"gtmpcnut","gtmpcnut1.1","2025-09-08 13:58:00","1","1","2.5",NA,"1.5",NA,"0.45",NA,"0.4",NA,"NNE",NA,"26.5",NA,"28.7",NA,"33084",NA,"7.24",NA,"4.5599999999999996",NA,"20.63",NA,"28.7",NA,"34432",NA,"7.23",NA,"4.5999999999999996",NA,"21.56",NA,NA,NA
"gtmpcnut","gtmpcnut1.2","2025-09-08 14:01:00","1","2","2.5",NA,"1.5",NA,"0.45",NA,"0.4",NA,"NNE",NA,"26.5",NA,"28.7",NA,"33.084000000000003",NA,"7.24",NA,"4.5599999999999996",NA,"20.63",NA,"28.7",NA,"34432",NA,"7.23",NA,"4.5999999999999996",NA,"21.56",NA,NA,NA
"gtmpcnut","gtmpcnut2.1","2025-09-22 09:30:00","2","1",NA,NA,NA,NA,NA,NA,NA,NA,NA,NA,NA,NA,NA,NA,NA,NA,NA,NA,NA,NA,NA,NA,"27.045000000000002",NA,"13780",NA,"6.81",NA,NA,NA,"7.93",NA,"3.68",NA
"gtmpcnut","gtmpcnut2.2","2025-09-22 12:00:00","2","2",NA,NA,NA,NA,NA,NA,NA,NA,NA,NA,NA,NA,NA,NA,NA,NA,NA,NA,NA,NA,NA,NA,"28.652000000000001",NA,"34313",NA,"7.46",NA,NA,NA,"21.46",NA,"4.5199999999999996",NA
"gtmpcnut","gtmpcnut2.3","2025-09-22 14:30:00","2","3",NA,NA,NA,NA,NA,NA,NA,NA,NA,NA,NA,NA,NA,NA,NA,NA,NA,NA,NA,NA,NA,NA,"28.928999999999998",NA,"34481",NA,"7.46",NA,NA,NA,"21.57",NA,"4.54",NA
"gtmpcnut","gtmpcnut2.4","2025-09-22 17:00:00","2","4",NA,NA,NA,NA,NA,NA,NA,NA,NA,NA,NA,NA,NA,NA,NA,NA,NA,NA,NA,NA,NA,NA,"29.082000000000001",NA,"17649",NA,"6.89",NA,NA,NA,"10.35",NA,"3.61",NA
"gtmpcnut","gtmpcnut2.5","2025-09-22 19:30:00","2","5",NA,NA,NA,NA,NA,NA,NA,NA,NA,NA,NA,NA,NA,NA,NA,NA,NA,NA,NA,NA,NA,NA,"28.021000000000001",NA,"7777",NA,"6.67",NA,NA,NA,"4.28",NA,"3.59",NA
"gtmpcnut","gtmpcnut2.6","2025-09-22 22:00:00","2","6",NA,NA,NA,NA,NA,NA,NA,NA,NA,NA,NA,NA,NA,NA,NA,NA,NA,NA,NA,NA,NA,NA,"28.577999999999999",NA,"16832",NA,"6.85",NA,NA,NA,"9.84",NA,"3.72",NA
"gtmpcnut","gtmpcnut2.7","2025-09-23 00:30:00","2","7",NA,NA,NA,NA,NA,NA,NA,NA,NA,NA,NA,NA,NA,NA,NA,NA,NA,NA,NA,NA,NA,NA,"28.843",NA,"30.198",NA,"7.29",NA,NA,NA,"18.63",NA,"4.57",NA
"gtmpcnut","gtmpcnut2.8","2025-09-23 03:00:00","2","8",NA,NA,NA,NA,NA,NA,NA,NA,NA,NA,NA,NA,NA,NA,NA,NA,NA,NA,NA,NA,NA,NA,"28.783000000000001",NA,"28544",NA,"7.22",NA,NA,NA,"17.510000000000002",NA,"4.26",NA
"gtmpcnut","gtmpcnut2.9","2025-09-23 05:30:00","2","9",NA,NA,NA,NA,NA,NA,NA,NA,NA,NA,NA,NA,NA,NA,NA,NA,NA,NA,NA,NA,NA,NA,"27.64",NA,"14199",NA,"6.81",NA,NA,NA,"8.19",NA,"3.42",NA
"gtmpcnut","gtmpcnut2.10","2025-09-23 08:00:00","2","10",NA,NA,NA,NA,NA,NA,NA,NA,NA,NA,NA,NA,NA,NA,NA,NA,NA,NA,NA,NA,NA,NA,"26.914000000000001",NA,"7747",NA,"6.66",NA,NA,NA,"4.2699999999999996",NA,"3.29",NA
"gtmpcnut","gtmpcnut2.11","2025-09-23 10:30:00","2","11",NA,NA,NA,NA,NA,NA,NA,NA,NA,NA,NA,NA,NA,NA,NA,NA,NA,NA,NA,NA,NA,NA,"27.763999999999999",NA,"19931",NA,"6.88",NA,NA,NA,"11.84",NA,"3.27",NA
"gtmpinut","gtmpinut1.1","2025-10-07 13:17:00","1","1","16.7",NA,"3",NA,"1.2",NA,"4.7",NA,"E",NA,"28.1",NA,"26.751999999999999",NA,"36980",NA,"7.5",NA,"5.83",NA,"23.36",NA,"25.962",NA,"41462",NA,"7.6",NA,"5.66",NA,"26.53",NA,NA,NA
"gtmpinut","gtmpinut1.2","2025-10-07 13:20:00","1","2","16.7",NA,"3",NA,"1.2",NA,"4.7",NA,"E",NA,"28.1",NA,"26.751999999999999",NA,"36980",NA,"7.5",NA,"5.83",NA,"23.36",NA,"25.962",NA,"41462",NA,"7.6",NA,"5.66",NA,"26.53",NA,NA,NA
"gtmssnut","gtmssnut1.1","2025-10-07 11:54:00","1","1","26.1",NA,"3",NA,"0.9",NA,"5.0999999999999996",NA,"E",NA,"27.7",NA,"26.414999999999999",NA,"49366",NA,"7.94",NA,"6.65",NA,"32.25",NA,"26.536000000000001",NA,"49976",NA,"7.98",NA,"6.89",NA,"32.69",NA,NA,NA
"gtmssnut","gtmssnut1.2","2025-10-07 11:57:00","1","2","26.1",NA,"3",NA,"0.9",NA,"5.0999999999999996",NA,"E",NA,"27.7",NA,"26.414999999999999",NA,"49366",NA,"7.94",NA,"6.65",NA,"32.25",NA,"26.536000000000001",NA,"49976",NA,"7.98",NA,"6.89",NA,"32.69",NA,NA,NA
"gtmfmnut","gtmfmnut1.1","2025-10-07 10:35:00","1","1","14.8",NA,"3",NA,"0.9",NA,"5.4",NA,"E",NA,"28",NA,"26.190999999999999",NA,"49982",NA,"7.97",NA,"6.96",NA,"32.700000000000003",NA,"26.065000000000001",NA,"50763",NA,"8.0299999999999994",NA,"7.01",NA,"33.270000000000003",NA,NA,NA
"gtmfmnut","gtmfmnut1.2","2025-10-07 10:38:00","1","2","14.8",NA,"3",NA,"0.9",NA,"5.4",NA,"E",NA,"28",NA,"26.190999999999999",NA,"49982",NA,"7.97",NA,"6.96",NA,"32.700000000000003",NA,"26.065000000000001",NA,"50763",NA,"8.0299999999999994",NA,"7.01",NA,"33.270000000000003",NA,NA,NA
"gtmpcnut","gtmpcnut1.1","2025-10-07 13:42:00","1","1","2.7",NA,"1.7",NA,"0.3",NA,"2.2999999999999998",NA,"E",NA,"30.7",NA,"26.4",NA,"16867",NA,"6.98",NA,"5.76",NA,"9.89",NA,"26.2",NA,"17501",NA,"6.97",NA,"5.84",NA,"10.29",NA,NA,NA
"gtmpcnut","gtmpcnut1.2","2025-10-07 13:45:00","1","2","2.7",NA,"1.7",NA,"0.3",NA,"2.2999999999999998",NA,"E",NA,"30.7",NA,"26.4",NA,"16867",NA,"6.98",NA,"5.76",NA,"9.89",NA,"26.2",NA,"17501",NA,"6.97",NA,"5.84",NA,"10.29",NA,NA,NA
"gtmpcnut","gtmpcnut2.1","2025-10-20 09:30:00","2","1",NA,NA,NA,NA,NA,NA,NA,NA,NA,NA,NA,NA,NA,NA,NA,NA,NA,NA,NA,NA,NA,NA,"22.79",NA,"14885",NA,"6.83",NA,NA,NA,"8.67",NA,"3.88",NA
"gtmpcnut","gtmpcnut2.2","2025-10-20 12:00:00","2","2",NA,NA,NA,NA,NA,NA,NA,NA,NA,NA,NA,NA,NA,NA,NA,NA,NA,NA,NA,NA,NA,NA,"24.012",NA,"27828",NA,"7.31",NA,NA,NA,"17.11",NA,"5.14",NA
"gtmpcnut","gtmpcnut2.3","2025-10-20 14:30:00","2","3",NA,NA,NA,NA,NA,NA,NA,NA,NA,NA,NA,NA,NA,NA,NA,NA,NA,NA,NA,NA,NA,NA,"23.863",NA,"22004",NA,"7.13",NA,NA,NA,"13.24",NA,"4.7300000000000004",NA
"gtmpcnut","gtmpcnut2.4","2025-10-20 17:00:00","2","4",NA,NA,NA,NA,NA,NA,NA,NA,NA,NA,NA,NA,NA,NA,NA,NA,NA,NA,NA,NA,NA,NA,"23.433",NA,"4922",NA,"6.7",NA,NA,NA,"2.64",NA,"4.58",NA
"gtmpcnut","gtmpcnut2.5","2025-10-20 19:30:00","2","5",NA,NA,NA,NA,NA,NA,NA,NA,NA,NA,NA,NA,NA,NA,NA,NA,NA,NA,NA,NA,NA,NA,"23.298999999999999",NA,"3606",NA,"6.59",NA,NA,NA,"1.9",NA,"4.54",NA
"gtmpcnut","gtmpcnut2.6","2025-10-20 22:00:00","2","6",NA,NA,NA,NA,NA,NA,NA,NA,NA,NA,NA,NA,NA,NA,NA,NA,NA,NA,NA,NA,NA,NA,"23.975999999999999",NA,"15196",NA,"6.89",NA,NA,NA,"8.85",NA,"4.53",NA
"gtmpcnut","gtmpcnut2.7","2025-10-21 00:30:00","2","7",NA,NA,NA,NA,NA,NA,NA,NA,NA,NA,NA,NA,NA,NA,NA,NA,NA,NA,NA,NA,NA,NA,"24.213000000000001",NA,"23465",NA,"7.16",NA,NA,NA,"14.2",NA,"4.84",NA
"gtmpcnut","gtmpcnut2.8","2025-10-21 03:00:00","2","8",NA,NA,NA,NA,NA,NA,NA,NA,NA,NA,NA,NA,NA,NA,NA,NA,NA,NA,NA,NA,NA,NA,"23.08",NA,"10742",NA,"6.84",NA,NA,NA,"6.09",NA,"4.46",NA
"gtmpcnut","gtmpcnut2.9","2025-10-21 05:30:00","2","9",NA,NA,NA,NA,NA,NA,NA,NA,NA,NA,NA,NA,NA,NA,NA,NA,NA,NA,NA,NA,NA,NA,"21.805",NA,"2129",NA,"6.65",NA,NA,NA,"1.0900000000000001",NA,"4.53",NA
"gtmpcnut","gtmpcnut2.10","2025-10-21 08:00:00","2","10",NA,NA,NA,NA,NA,NA,NA,NA,NA,NA,NA,NA,NA,NA,NA,NA,NA,NA,NA,NA,NA,NA,"21.780999999999999",NA,"4621",NA,"6.6",NA,NA,NA,"2.4700000000000002",NA,"4.5",NA
"gtmpcnut","gtmpcnut2.11","2025-10-21 10:30:00","2","11",NA,NA,NA,NA,NA,NA,NA,NA,NA,NA,NA,NA,NA,NA,NA,NA,NA,NA,NA,NA,NA,NA,"23.053999999999998",NA,"21507",NA,"7.06",NA,NA,NA,"12.92",NA,"4.42",NA
"gtmpinut","gtmpinut1.1","2025-11-05 12:04:00","1","1","16.2",NA,"3",NA,"0.8",NA,"1.4",NA,"NW",NA,"24.5",NA,"20.399999999999999",NA,"29036",NA,"7.44",NA,"6.33",NA,"17.989999999999998",NA,"20",NA,"33764",NA,"7.51",NA,"6.16",NA,"21.22",NA,NA,NA
"gtmpinut","gtmpinut1.2","2025-11-05 12:06:00","1","2","16.2",NA,"3",NA,"0.8",NA,"1.4",NA,"NW",NA,"24.5",NA,"20.399999999999999",NA,"29036",NA,"7.44",NA,"6.33",NA,"17.989999999999998",NA,"20",NA,"33764",NA,"7.51",NA,"6.16",NA,"21.22",NA,NA,NA
"gtmssnut","gtmssnut1.1","2025-11-05 10:23:00","1","1","25.1",NA,"3",NA,"0.7",NA,"4.2",NA,"NW",NA,"23.1",NA,"21.1",NA,"49580",NA,"7.93",NA,"7.11",NA,"32.49",NA,"21.1",NA,"49688",NA,"7.93",NA,"7.07",NA,"32.53",NA,NA,NA
"gtmssnut","gtmssnut1.2","2025-11-05 10:26:00","1","2","25.1",NA,"3",NA,"0.7",NA,"4.2",NA,"NW",NA,"23.1",NA,"21.1",NA,"49580",NA,"7.93",NA,"7.11",NA,"32.49",NA,"21.1",NA,"49688",NA,"7.93",NA,"7.07",NA,"32.53",NA,NA,NA
"gtmfmnut","gtmfmnut1.1","2025-11-05 09:06:00","1","1","14",NA,"3",NA,"0.7",NA,"3.6",NA,"NW",NA,"23.3",NA,"21",NA,"50597",NA,"7.92",NA,"6.95",NA,"33.24",NA,"21",NA,"50611",NA,"7.94",NA,"6.92",NA,"33.25",NA,NA,NA
"gtmfmnut","gtmfmnut1.2","2025-11-05 09:08:00","1","2","14",NA,"3",NA,"0.7",NA,"3.6",NA,"NW",NA,"23.3",NA,"21",NA,"50597",NA,"7.92",NA,"6.95",NA,"33.24",NA,"21",NA,"50611",NA,"7.94",NA,"6.92",NA,"33.25",NA,NA,NA
"gtmpcnut","gtmpcnut1.1","2025-11-05 12:02:00","1","1","2.1",NA,"1.1000000000000001",NA,"0.85",NA,"1.6",NA,"NE",NA,"24.2",NA,NA,"<-2> (CSM)",NA,"<-2> (CSM)",NA,"<-2> (CSM)",NA,"<-2> (CSM)",NA,"<-2> (CSM)","20.692",NA,"38690",NA,"7.71",NA,"6.56",NA,"24.66",NA,NA,NA
"gtmpcnut","gtmpcnut1.2","2025-11-05 12:09:00","1","2","2.1",NA,"1.1000000000000001",NA,"0.85",NA,"1.6",NA,"NE",NA,"24.2",NA,NA,NA,NA,"<-2> (CSM)",NA,"<-2> (CSM)",NA,"<-2> (CSM)",NA,"<-2> (CSM)","20.692",NA,"38690",NA,"7.71",NA,"6.56",NA,"24.66",NA,NA,NA
"gtmpcnut","gtmpcnut2.1","2025-11-18 09:30:00","2","1",NA,NA,NA,NA,NA,NA,NA,NA,NA,NA,NA,NA,NA,NA,NA,NA,NA,NA,NA,NA,NA,NA,"19.12",NA,"40312",NA,"7.9",NA,NA,NA,"25.82",NA,"6.47",NA
"gtmpcnut","gtmpcnut2.2","2025-11-18 12:00:00","2","2",NA,NA,NA,NA,NA,NA,NA,NA,NA,NA,NA,NA,NA,NA,NA,NA,NA,NA,NA,NA,NA,NA,"19.420999999999999",NA,"41464",NA,"7.92",NA,NA,NA,"26.63",NA,"6.51",NA
"gtmpcnut","gtmpcnut2.3","2025-11-18 14:30:00","2","3",NA,NA,NA,NA,NA,NA,NA,NA,NA,NA,NA,NA,NA,NA,NA,NA,NA,NA,NA,NA,NA,NA,"20.151",NA,"29528",NA,"7.64",NA,NA,NA,"18.309999999999999",NA,"6.63",NA
"gtmpcnut","gtmpcnut2.4","2025-11-18 17:00:00","2","4",NA,NA,NA,NA,NA,NA,NA,NA,NA,NA,NA,NA,NA,NA,NA,NA,NA,NA,NA,NA,NA,NA,"20.178999999999998",NA,"25675",NA,"7.53",NA,NA,NA,"15.71",NA,"6.48",NA
"gtmpcnut","gtmpcnut2.5","2025-11-18 19:30:00","2","5",NA,NA,NA,NA,NA,NA,NA,NA,NA,NA,NA,NA,NA,NA,NA,NA,NA,NA,NA,NA,NA,NA,"20.347999999999999",NA,"28999",NA,"7.61",NA,NA,NA,"17.95",NA,"6.7",NA
"gtmpcnut","gtmpcnut2.6","2025-11-18 22:00:00","2","6",NA,NA,NA,NA,NA,NA,NA,NA,NA,NA,NA,NA,NA,NA,NA,NA,NA,NA,NA,NA,NA,NA,"20.443000000000001",NA,"36984",NA,"7.72",NA,NA,NA,"23.46",NA,"6.43",NA
"gtmpcnut","gtmpcnut2.7","2025-11-19 00:30:00","2","7",NA,NA,NA,NA,NA,NA,NA,NA,NA,NA,NA,NA,NA,NA,NA,NA,NA,NA,NA,NA,NA,NA,"20.035",NA,"30943",NA,"7.63",NA,NA,NA,"19.28",NA,"6.36",NA
"gtmpcnut","gtmpcnut2.8","2025-11-19 03:00:00","2","8",NA,NA,NA,NA,NA,NA,NA,NA,NA,NA,NA,NA,NA,NA,NA,NA,NA,NA,NA,NA,NA,NA,"19.866",NA,"28933",NA,"7.55",NA,NA,NA,"17.91",NA,"6.16",NA
"gtmpcnut","gtmpcnut2.9","2025-11-19 05:30:00","2","9",NA,NA,NA,NA,NA,NA,NA,NA,NA,NA,NA,NA,NA,NA,NA,NA,NA,NA,NA,NA,NA,NA,"19.315000000000001",NA,"23705",NA,"7.45",NA,NA,NA,"14.4",NA,"6.2",NA
"gtmpcnut","gtmpcnut2.10","2025-11-19 08:00:00","2","10",NA,NA,NA,NA,NA,NA,NA,NA,NA,NA,NA,NA,NA,NA,NA,NA,NA,NA,NA,NA,NA,NA,"19.137",NA,"30624",NA,"7.56",NA,NA,NA,"19.07",NA,"6.07",NA
"gtmpcnut","gtmpcnut2.11","2025-11-19 10:30:00","2","11",NA,NA,NA,NA,NA,NA,NA,NA,NA,NA,NA,NA,NA,NA,NA,NA,NA,NA,NA,NA,NA,NA,"19.324000000000002",NA,"39939",NA,"7.79",NA,NA,NA,"25.55",NA,"6.25",NA
"gtmpinut","gtmpinut1.1","2025-12-03 10:46:00","1","1","17.2",NA,"3",NA,"1",NA,"2.2999999999999998",NA,"NW",NA,"17.100000000000001",NA,"18.899999999999999",NA,"36542",NA,"7.64",NA,"7.01",NA,"23.21",NA,"18.899999999999999",NA,"39570",NA,"7.64",NA,"6.65",NA,"25.29",NA,NA,NA
"gtmpinut","gtmpinut1.2","2025-12-03 10:48:00","1","2","17.2",NA,"3",NA,"1",NA,"2.2999999999999998",NA,"NW",NA,"17.100000000000001",NA,"18.899999999999999",NA,"36542",NA,"7.64",NA,"7.01",NA,"23.21",NA,"18.899999999999999",NA,"39570",NA,"7.64",NA,"6.65",NA,"25.29",NA,NA,NA
"gtmssnut","gtmssnut1.1","2025-12-03 09:10:00","1","1","28.5",NA,"3",NA,"0.8",NA,"3.2",NA,"NW",NA,"16.100000000000001",NA,"19.399999999999999",NA,"51053",NA,"7.96",NA,"7.06",NA,"33.58",NA,"19.3",NA,"51012",NA,"7.94",NA,"6.79",NA,"33.6",NA,NA,NA
"gtmssnut","gtmssnut1.2","2025-12-03 09:12:00","1","2","28.5",NA,"3",NA,"0.8",NA,"3.2",NA,"NW",NA,"16.100000000000001",NA,"19.399999999999999",NA,"51053",NA,"7.96",NA,"7.06",NA,"33.58",NA,"19.3",NA,"51012",NA,"7.94",NA,"6.79",NA,"33.6",NA,NA,NA
"gtmfmnut","gtmfmnut1.1","2025-12-03 07:57:00","1","1","13.7",NA,"3",NA,"0.9",NA,"3.5",NA,"N",NA,"16.399999999999999",NA,"20.3",NA,"51765",NA,"7.62",NA,"6.72",NA,"34.1",NA,"20.399999999999999",NA,"51761",NA,"7.8",NA,"6.66",NA,"34.1",NA,NA,NA
"gtmfmnut","gtmfmnut1.2","2025-12-03 07:59:00","1","2","13.7",NA,"3",NA,"0.9",NA,"3.5",NA,"N",NA,"16.399999999999999",NA,"20.3",NA,"51765",NA,"7.62",NA,"6.72",NA,"34.1",NA,"20.399999999999999",NA,"51761",NA,"7.8",NA,"6.66",NA,"34.1",NA,NA,NA
"gtmpcnut","gtmpcnut1.1","2025-12-03 10:48:00","1","1","2.7",NA,"1.7",NA,"0.5",NA,"W",NA,"1.5",NA,"19.399999999999999",NA,NA,"<-2>",NA,"<-2>",NA,"<-2>",NA,"<-2>",NA,"<-2>","19.945",NA,"45267.6",NA,"7.81",NA,"6",NA,"29.36",NA,NA,NA
"gtmpcnut","gtmpcnut1.2","2025-12-03 10:52:00","1","2","2.7",NA,"1.7",NA,"0.5",NA,"W",NA,"1.5",NA,"19.399999999999999",NA,NA,"<-2>",NA,"<-2>",NA,"<-2>",NA,"<-2>",NA,"<-2>","19.945",NA,"45267.6",NA,"7.81",NA,"6",NA,"29.36",NA,NA,NA
"gtmpcnut","gtmpcnut2.1","2025-12-16 09:30:00","2","1",NA,NA,NA,NA,NA,NA,NA,NA,NA,NA,NA,NA,NA,NA,NA,NA,NA,NA,NA,NA,NA,NA,"13.186999999999999",NA,"38.914000000000001",NA,"7.95",NA,NA,NA,"24.77",NA,"7.94",NA
"gtmpcnut","gtmpcnut2.2","2025-12-16 12:00:00","2","2",NA,NA,NA,NA,NA,NA,NA,NA,NA,NA,NA,NA,NA,NA,NA,NA,NA,NA,NA,NA,NA,NA,"14.117000000000001",NA,"32.176000000000002",NA,"7.84",NA,NA,NA,"20.11",NA,"8",NA
"gtmpcnut","gtmpcnut2.3","2025-12-16 14:30:00","2","3",NA,NA,NA,NA,NA,NA,NA,NA,NA,NA,NA,NA,NA,NA,NA,NA,NA,NA,NA,NA,NA,NA,"14.798999999999999",NA,"28.765999999999998",NA,"7.79",NA,NA,NA,"17.8",NA,"8.06",NA
"gtmpcnut","gtmpcnut2.4","2025-12-16 17:00:00","2","4",NA,NA,NA,NA,NA,NA,NA,NA,NA,NA,NA,NA,NA,NA,NA,NA,NA,NA,NA,NA,NA,NA,"15.682",NA,"25.823",NA,"7.77",NA,NA,NA,"15.82",NA,"8.4",NA
"gtmpcnut","gtmpcnut2.5","2025-12-16 19:30:00","2","5",NA,NA,NA,NA,NA,NA,NA,NA,NA,NA,NA,NA,NA,NA,NA,NA,NA,NA,NA,NA,NA,NA,"15.737",NA,"28.558",NA,"7.83",NA,NA,NA,"17.66",NA,"8.58",NA
"gtmpcnut","gtmpcnut2.6","2025-12-16 22:00:00","2","6",NA,NA,NA,NA,NA,NA,NA,NA,NA,NA,NA,NA,NA,NA,NA,NA,NA,NA,NA,NA,NA,NA,"15.492000000000001",NA,"31.004000000000001",NA,"7.85",NA,NA,NA,"19.32",NA,"8.4",NA
"gtmpcnut","gtmpcnut2.7","2025-12-17 00:30:00","2","7",NA,NA,NA,NA,NA,NA,NA,NA,NA,NA,NA,NA,NA,NA,NA,NA,NA,NA,NA,NA,NA,NA,"15.538",NA,"30.268999999999998",NA,"7.81",NA,NA,NA,"18.82",NA,"8.0500000000000007",NA
"gtmpcnut","gtmpcnut2.8","2025-12-17 03:00:00","2","8",NA,NA,NA,NA,NA,NA,NA,NA,NA,NA,NA,NA,NA,NA,NA,NA,NA,NA,NA,NA,NA,NA,"15.637",NA,"28.288",NA,"7.77",NA,NA,NA,"17.48",NA,"7.99",NA
"gtmpcnut","gtmpcnut2.9","2025-12-17 05:30:00","2","9",NA,NA,NA,NA,NA,NA,NA,NA,NA,NA,NA,NA,NA,NA,NA,NA,NA,NA,NA,NA,NA,NA,"15.153",NA,"20.552",NA,"7.65",NA,NA,NA,"12.34",NA,"7.89",NA
"gtmpcnut","gtmpcnut2.10","2025-12-17 08:00:00","2","10",NA,NA,NA,NA,NA,NA,NA,NA,NA,NA,NA,NA,NA,NA,NA,NA,NA,NA,NA,NA,NA,NA,"14.84",NA,"33.130000000000003",NA,"7.82",NA,NA,NA,"20.78",NA,"7.65",NA
"gtmpcnut","gtmpcnut2.11","2025-12-17 10:30:00","2","11",NA,NA,NA,NA,NA,NA,NA,NA,NA,NA,NA,NA,NA,NA,NA,NA,NA,NA,NA,NA,NA,NA,"14.87",NA,"39.545000000000002",NA,"7.95",NA,NA,NA,"25.25",NA,"7.56",NA
