DATE,TIME,F_Record,FILENAME,SITENAME,USERID,FAULTCODE,SpCond,F_SpCond,Sal,F_Sal,Level,F_Level,DO_pct,F_DO_pct,DO_mgl,F_DO_mgl,FDOMQSU,FDOMRFU,pH,F_pH,pHmV,BATTERY,Temp,F_Temp,Turb,F_Turb,WIPERPOSITIONVOLT,CHLOROPHYLLRFU,ChlFluor,F_ChlFluor
6/24/2025,9:45, ,gtmpcwq_13K102679_062425_050000.bin,Pellicer Creek,GTMNERR,32,32.722,<0> (CND),20.3,<0> (CND),0.214,<0> (CND),,<-2> (CND),,<-2> (CND),79.29,26.35,7.38,<0> (CND),-37.2,5.96,31.329,<0> (CND),13.59,<0> (CND),1.192,2.43,9.75,<0> (CND)
6/24/2025,10:00, ,gtmpcwq_13K102679_062425_050000.bin,Pellicer Creek,GTMNERR,32,33.365,0,20.74,0,0.206,0,,-2,,-2,79.64,26.46,7.38,0,-37,5.96,31.265,0,10.32,0,1.186,2.03,8.11,0
6/24/2025,10:15, ,gtmpcwq_13K102679_062425_050000.bin,Pellicer Creek,GTMNERR,32,34.855,0,21.77,0,0.187,0,,-2,,-2,77.7,25.82,7.34,0,-34.9,5.96,31.085,0,13.65,0,1.199,2.02,8.08,0
6/24/2025,10:30, ,gtmpcwq_13K102679_062425_050000.bin,Pellicer Creek,GTMNERR,32,34.449,0,21.49,0,0.168,0,,-2,,-2,75.93,25.22,7.36,0,-35.8,5.96,31.12,0,12,0,1.185,2.1,8.42,0
6/24/2025,10:45, ,gtmpcwq_13K102679_062425_050000.bin,Pellicer Creek,GTMNERR,32,33.25,0,20.66,0,0.154,0,,-2,,-2,80.29,26.68,7.39,0,-38,5.96,31.264,0,13,0,1.193,2.48,9.96,0
6/24/2025,11:00, ,gtmpcwq_13K102679_062425_050000.bin,Pellicer Creek,GTMNERR,32,33.305,0,20.7,0,0.134,0,,-2,,-2,80.8,26.85,7.44,0,-40.9,5.96,31.275,0,13.67,0,1.196,2.65,10.64,0
6/24/2025,11:15, ,gtmpcwq_13K102679_062425_050000.bin,Pellicer Creek,GTMNERR,32,32.062,0,19.84,0,0.113,0,,-2,,-2,83.81,27.86,7.48,0,-43.5,5.97,31.505,0,12.92,0,1.195,3.18,12.76,0
6/24/2025,11:30, ,gtmpcwq_13K102679_062425_050000.bin,Pellicer Creek,GTMNERR,32,29.895,0,18.36,0,0.094,0,,-2,,-2,86.97,28.91,7.51,0,-45.2,5.97,31.717,0,13.74,0,1.196,3.48,13.97,0
6/24/2025,11:45, ,gtmpcwq_13K102679_062425_050000.bin,Pellicer Creek,GTMNERR,32,31.097,0,19.18,0,0.072,0,,-2,,-2,85.22,28.33,7.46,0,-42.1,5.97,31.506,0,11.81,0,1.197,3.12,12.52,0
6/24/2025,12:00, ,gtmpcwq_13K102679_062425_050000.bin,Pellicer Creek,GTMNERR,32,32.183,0,19.93,0,0.055,0,,-2,,-2,82.08,27.28,7.37,0,-37,5.97,31.456,0,10.05,0,1.202,2.41,9.66,0
6/24/2025,12:15, ,gtmpcwq_13K102679_062425_050000.bin,Pellicer Creek,GTMNERR,32,31.185,0,19.24,0,0.035,0,,-2,,-2,83.02,27.59,7.38,0,-37.1,5.97,31.544,0,11.02,0,1.195,2.58,10.36,0
6/24/2025,12:30, ,gtmpcwq_13K102679_062425_050000.bin,Pellicer Creek,GTMNERR,32,31.044,0,19.15,0,0.015,0,,-2,,-2,84.55,28.1,7.36,0,-36.2,5.97,31.548,0,9,0,1.196,2.42,9.72,0
6/24/2025,12:45, ,gtmpcwq_13K102679_062425_050000.bin,Pellicer Creek,GTMNERR,32,30.399,0,18.71,0,-0.003,0,,-2,,-2,86.22,28.66,7.39,0,-38,5.97,31.593,0,9.25,0,1.193,2.61,10.46,0
6/24/2025,13:00, ,gtmpcwq_13K102679_062425_050000.bin,Pellicer Creek,GTMNERR,32,30.814,0,18.99,0,-0.021,0,,-2,,-2,84.75,28.17,7.37,0,-36.9,5.97,31.599,0,9.41,0,1.198,2.41,9.67,0
6/24/2025,13:15, ,gtmpcwq_13K102679_062425_050000.bin,Pellicer Creek,GTMNERR,32,29.613,0,18.17,0,-0.038,0,,-2,,-2,86.44,28.73,7.37,0,-36.6,5.97,31.703,0,9.87,0,1.187,2.53,10.14,0
6/24/2025,13:30, ,gtmpcwq_13K102679_062425_050000.bin,Pellicer Creek,GTMNERR,32,29.244,0,17.92,0,-0.053,0,,-2,,-2,87.01,28.93,7.37,0,-36.6,5.97,31.744,0,8.65,0,1.192,2.35,9.44,0
6/24/2025,13:45, ,gtmpcwq_13K102679_062425_050000.bin,Pellicer Creek,GTMNERR,32,28.976,0,17.74,0,-0.071,0,,-2,,-2,88.4,29.39,7.39,0,-37.7,5.97,31.788,0,8.48,0,1.184,2.68,10.76,0
6/24/2025,14:00, ,gtmpcwq_13K102679_062425_050000.bin,Pellicer Creek,GTMNERR,32,28.484,0,17.41,0,-0.085,0,,-2,,-2,87.64,29.13,7.38,0,-37.2,5.98,31.826,0,9.5,0,1.195,3.03,12.17,0
6/24/2025,14:15, ,gtmpcwq_13K102679_062425_050000.bin,Pellicer Creek,GTMNERR,32,27.786,0,16.94,0,-0.1,0,,-2,,-2,89.8,29.85,7.39,0,-37.7,5.98,31.899,0,9.02,0,1.198,3.03,12.16,0
6/24/2025,14:30, ,gtmpcwq_13K102679_062425_050000.bin,Pellicer Creek,GTMNERR,32,26.843,0,16.31,0,-0.112,0,,-2,,-2,90.67,30.15,7.39,0,-37.9,5.98,31.967,0,9.48,0,1.191,3.16,12.68,0
6/24/2025,14:45, ,gtmpcwq_13K102679_062425_050000.bin,Pellicer Creek,GTMNERR,32,25.784,0,15.6,0,-0.122,0,,-2,,-2,91.87,30.55,7.4,0,-38.6,5.98,32.089,0,11.44,0,1.192,3.2,12.87,0
6/24/2025,15:00, ,gtmpcwq_13K102679_062425_050000.bin,Pellicer Creek,GTMNERR,32,25.458,0,15.38,0,-0.135,0,,-2,,-2,93.2,30.99,7.4,0,-38.6,5.98,32.127,0,8.7,0,1.2,3.46,13.89,0
6/24/2025,15:15, ,gtmpcwq_13K102679_062425_050000.bin,Pellicer Creek,GTMNERR,32,25.395,0,15.34,0,-0.149,0,,-2,,-2,92.11,30.63,7.38,0,-37.2,5.98,32.13,0,8.13,0,1.188,2.74,10.98,0
6/24/2025,15:30, ,gtmpcwq_13K102679_062425_050000.bin,Pellicer Creek,GTMNERR,32,24.774,0,14.93,0,-0.162,0,,-2,,-2,94.66,31.48,7.39,0,-37.9,5.98,32.183,0,9.13,0,1.198,3.47,13.93,0
6/24/2025,15:45, ,gtmpcwq_13K102679_062425_050000.bin,Pellicer Creek,GTMNERR,32,25.027,0,15.1,0,-0.174,0,,-2,,-2,94.46,31.41,7.36,0,-36.4,5.98,32.134,0,7.88,0,1.185,2.92,11.73,0
6/24/2025,16:00, ,gtmpcwq_13K102679_062425_050000.bin,Pellicer Creek,GTMNERR,32,25.097,0,15.14,0,-0.186,0,,-2,,-2,93.71,31.16,7.37,0,-36.5,5.98,32.111,0,8.18,0,1.188,3.16,12.71,0
6/24/2025,16:15, ,gtmpcwq_13K102679_062425_050000.bin,Pellicer Creek,GTMNERR,32,23.848,0,14.32,0,-0.195,0,,-2,,-2,94.8,31.52,7.37,0,-37,5.98,32.305,0,9.27,0,1.201,3.14,12.61,0
6/24/2025,16:30, ,gtmpcwq_13K102679_062425_050000.bin,Pellicer Creek,GTMNERR,32,23.54,0,14.11,0,-0.205,0,,-2,,-2,96.78,32.19,7.4,0,-38.6,5.98,32.363,0,8.48,0,1.188,3.31,13.3,0
6/24/2025,16:45, ,gtmpcwq_13K102679_062425_050000.bin,Pellicer Creek,GTMNERR,32,22.668,0,13.54,0,-0.213,0,,-2,,-2,97.8,32.53,7.38,0,-37.7,5.98,32.532,0,8.45,0,1.203,3.23,12.99,0
6/24/2025,17:00, ,gtmpcwq_13K102679_062425_050000.bin,Pellicer Creek,GTMNERR,32,22.068,0,13.14,0,-0.222,0,,-2,,-2,99.21,33,7.38,0,-37.4,5.99,32.628,0,10.86,0,1.187,3.24,13.04,0
6/24/2025,17:15, ,gtmpcwq_13K102679_062425_050000.bin,Pellicer Creek,GTMNERR,32,21.552,0,12.81,0,-0.227,0,,-2,,-2,100.86,33.55,7.39,0,-38.2,5.99,32.674,0,8.46,0,1.195,4.02,16.19,0
6/24/2025,17:30, ,gtmpcwq_13K102679_062425_050000.bin,Pellicer Creek,GTMNERR,32,20.624,0,12.2,0,-0.228,0,,-2,,-2,100.49,33.43,7.39,0,-38.3,5.99,32.882,0,9.01,0,1.195,3.02,12.13,0
6/24/2025,17:45, ,gtmpcwq_13K102679_062425_050000.bin,Pellicer Creek,GTMNERR,32,19.574,0,11.52,0,-0.216,0,,-2,,-2,102.69,34.16,7.41,0,-39.3,5.99,33.072,0,9.78,0,1.193,3.59,14.45,0
6/24/2025,18:00, ,gtmpcwq_13K102679_062425_050000.bin,Pellicer Creek,GTMNERR,32,17.478,0,10.18,0,-0.202,0,,-2,,-2,106.89,35.56,7.4,0,-38.8,5.99,33.204,0,8.23,0,1.201,3.6,14.45,0
6/24/2025,18:15, ,gtmpcwq_13K102679_062425_050000.bin,Pellicer Creek,GTMNERR,32,15.908,0,9.17,0,-0.184,0,,-2,,-2,99.49,33.09,7.61,0,-51.8,5.99,34.666,0,16.31,0,1.193,3.32,13.35,0
6/24/2025,18:30, ,gtmpcwq_13K102679_062425_050000.bin,Pellicer Creek,GTMNERR,32,16.158,0,9.33,0,-0.169,0,,-2,,-2,101.1,33.63,7.62,0,-52.2,5.99,34.655,0,13.15,0,1.19,3.47,13.96,0
6/24/2025,18:45, ,gtmpcwq_13K102679_062425_050000.bin,Pellicer Creek,GTMNERR,32,16.601,0,9.61,0,-0.145,0,,-2,,-2,100.59,33.46,7.71,0,-57.9,5.99,34.615,0,11.94,0,1.185,3.54,14.24,0
6/24/2025,19:00, ,gtmpcwq_13K102679_062425_050000.bin,Pellicer Creek,GTMNERR,32,18.24,0,10.65,0,-0.118,0,,-2,,-2,98.23,32.67,7.71,0,-58.1,5.99,34.351,0,11.72,0,1.186,3.53,14.21,0
6/24/2025,19:15, ,gtmpcwq_13K102679_062425_050000.bin,Pellicer Creek,GTMNERR,32,19.17,0,11.24,0,-0.086,0,,-2,,-2,96.94,32.24,7.72,0,-58.7,5.99,34.318,0,12.65,0,1.198,3.54,14.21,0
6/24/2025,19:30, ,gtmpcwq_13K102679_062425_050000.bin,Pellicer Creek,GTMNERR,32,19.396,0,11.39,0,-0.049,0,,-2,,-2,97.2,32.33,7.74,0,-59.9,5.99,33.94,0,11.64,0,1.19,2.96,11.88,0
6/24/2025,19:45, ,gtmpcwq_13K102679_062425_050000.bin,Pellicer Creek,GTMNERR,32,21.341,0,12.65,0,-0.008,0,,-2,,-2,93.96,31.25,7.74,0,-59.6,5.99,33.763,0,13.24,0,1.191,3.3,13.27,0
6/24/2025,20:00, ,gtmpcwq_13K102679_062425_050000.bin,Pellicer Creek,GTMNERR,32,23.296,0,13.93,0,0.036,0,,-2,,-2,90.26,30.01,7.72,0,-58.7,5.99,33.617,0,16.76,0,1.201,3.28,13.16,0
6/24/2025,20:15, ,gtmpcwq_13K102679_062425_050000.bin,Pellicer Creek,GTMNERR,32,25.548,0,15.42,0,0.082,0,,-2,,-2,86.32,28.69,7.71,0,-57.7,5.99,33.337,0,18.35,0,1.195,2.99,12.01,0
6/24/2025,20:30, ,gtmpcwq_13K102679_062425_050000.bin,Pellicer Creek,GTMNERR,32,28.206,0,17.19,0,0.134,0,,-2,,-2,81.66,27.14,7.68,0,-56,5.99,33.2,0,21.83,0,1.193,3,12.05,0
6/24/2025,20:45, ,gtmpcwq_13K102679_062425_050000.bin,Pellicer Creek,GTMNERR,32,29.045,0,17.76,0,0.189,0,,-2,,-2,80.31,26.69,7.71,0,-57.7,5.99,33.154,0,20.22,0,1.183,2.87,11.53,0
6/24/2025,21:00, ,gtmpcwq_13K102679_062425_050000.bin,Pellicer Creek,GTMNERR,32,30.415,0,18.68,0,0.238,0,,-2,,-2,78.43,26.06,7.72,0,-58.2,5.99,33.066,0,19.63,0,1.192,2.8,11.25,0
6/24/2025,21:15, ,gtmpcwq_13K102679_062425_050000.bin,Pellicer Creek,GTMNERR,32,32.553,0,20.13,0,0.284,0,,-2,,-2,67.56,22.43,7.74,0,-59.7,6,33.237,0,41.57,0,1.193,3.05,12.25,0
6/24/2025,21:30, ,gtmpcwq_13K102679_062425_050000.bin,Pellicer Creek,GTMNERR,32,34.181,0,21.25,0,0.322,0,,-2,,-2,69.89,23.21,7.76,0,-60.8,5.99,33.166,0,23.1,0,1.191,2.59,10.38,0
6/24/2025,21:45, ,gtmpcwq_13K102679_062425_050000.bin,Pellicer Creek,GTMNERR,32,35.988,0,22.5,0,0.349,0,,-2,,-2,65.66,21.8,7.77,0,-61.5,6,33.187,0,25.64,0,1.201,2.38,9.56,0
6/24/2025,22:00, ,gtmpcwq_13K102679_062425_050000.bin,Pellicer Creek,GTMNERR,32,37.631,0,23.64,0,0.368,0,,-2,,-2,58.27,19.33,7.79,0,-62.4,5.99,33.199,0,35.66,0,1.197,2.4,9.62,0
6/24/2025,22:15, ,gtmpcwq_13K102679_062425_050000.bin,Pellicer Creek,GTMNERR,32,39.1,0,24.67,0,0.381,0,,-2,,-2,56.04,18.58,7.8,0,-63,6,33.158,0,37.81,0,1.185,2.26,9.05,0
6/24/2025,22:30, ,gtmpcwq_13K102679_062425_050000.bin,Pellicer Creek,GTMNERR,32,40.091,0,25.37,0,0.39,0,,-2,,-2,57.15,18.95,7.8,0,-63.2,6,33.135,0,21.9,0,1.192,1.97,7.91,0
6/24/2025,22:45, ,gtmpcwq_13K102679_062425_050000.bin,Pellicer Creek,GTMNERR,32,41.018,0,26.03,0,0.398,0,,-2,,-2,57.53,19.08,7.81,0,-63.8,6,33.12,0,17.15,0,1.195,1.82,7.29,0
6/24/2025,23:00, ,gtmpcwq_13K102679_062425_050000.bin,Pellicer Creek,GTMNERR,32,42.091,0,26.79,0,0.396,0,,-2,,-2,54.61,18.11,7.81,0,-64,6,33.092,0,18.22,0,1.192,1.68,6.71,0
6/24/2025,23:15, ,gtmpcwq_13K102679_062425_050000.bin,Pellicer Creek,GTMNERR,32,42.011,0,26.73,0,0.389,0,,-2,,-2,56.42,18.71,7.75,0,-60.3,6,33.052,0,10.83,0,1.192,1.24,4.92,0
6/24/2025,23:30, ,gtmpcwq_13K102679_062425_050000.bin,Pellicer Creek,GTMNERR,32,42.544,0,27.11,0,0.371,0,,-2,,-2,54.47,18.06,7.75,0,-60,6,33.069,0,11.09,0,1.189,1.18,4.71,0
6/24/2025,23:45, ,gtmpcwq_13K102679_062425_050000.bin,Pellicer Creek,GTMNERR,32,41.782,0,26.57,0,0.347,0,,-2,,-2,55.77,18.49,7.75,0,-60.3,6,33.013,0,11.47,0,1.201,1.26,5.03,0
6/25/2025,0:00, ,gtmpcwq_13K102679_062425_050000.bin,Pellicer Creek,GTMNERR,32,40.897,0,25.94,0,0.322,0,,-2,,-2,59.28,19.66,7.8,0,-63.1,6,33.046,0,12.9,0,1.194,1.73,6.9,0
6/25/2025,0:15, ,gtmpcwq_13K102679_062425_050000.bin,Pellicer Creek,GTMNERR,32,39.747,0,25.13,0,0.298,0,,-2,,-2,60.54,20.08,7.74,0,-59.8,6,33.009,0,16.6,0,1.192,1.72,6.88,0
6/25/2025,0:30, ,gtmpcwq_13K102679_062425_050000.bin,Pellicer Creek,GTMNERR,32,36.157,0,22.63,0,0.278,0,,-2,,-2,68.86,22.86,7.77,0,-61.3,6,32.805,0,16.6,0,1.186,2.2,8.81,0
6/25/2025,0:45, ,gtmpcwq_13K102679_062425_050000.bin,Pellicer Creek,GTMNERR,32,35.345,0,22.07,0,0.252,0,,-2,,-2,69.77,23.17,7.75,0,-59.9,6,32.763,0,22.82,0,1.203,2.23,8.96,0
6/25/2025,1:00, ,gtmpcwq_13K102679_062425_050000.bin,Pellicer Creek,GTMNERR,32,34.912,0,21.77,0,0.225,0,,-2,,-2,69.51,23.08,7.73,0,-58.9,6,32.63,0,28.64,0,1.193,2.46,9.88,0
6/25/2025,1:15, ,gtmpcwq_13K102679_062425_050000.bin,Pellicer Creek,GTMNERR,32,31.75,0,19.61,0,0.2,0,,-2,,-2,78.81,26.19,7.66,0,-54.5,6,32.465,0,16.71,0,1.185,2.33,9.33,0
6/25/2025,1:30, ,gtmpcwq_13K102679_062425_050000.bin,Pellicer Creek,GTMNERR,32,30.843,0,18.99,0,0.173,0,,-2,,-2,81.31,27.02,7.64,0,-53,6,32.36,0,16.89,0,1.199,2.47,9.93,0
6/25/2025,1:45, ,gtmpcwq_13K102679_062425_050000.bin,Pellicer Creek,GTMNERR,32,29.528,0,18.1,0,0.147,0,,-2,,-2,84.67,28.14,7.58,0,-49.6,6,32.321,0,14.31,0,1.192,2.46,9.88,0
6/25/2025,2:00, ,gtmpcwq_13K102679_062425_050000.bin,Pellicer Creek,GTMNERR,32,28.537,0,17.43,0,0.121,0,,-2,,-2,87.33,29.03,7.56,0,-48.3,6,32.248,0,11.18,0,1.183,2.34,9.37,0
6/25/2025,2:15, ,gtmpcwq_13K102679_062425_050000.bin,Pellicer Creek,GTMNERR,32,27.612,0,16.82,0,0.096,0,,-2,,-2,89.27,29.68,7.56,0,-48.2,6.01,32.194,0,12.32,0,1.198,2.53,10.15,0
6/25/2025,2:30, ,gtmpcwq_13K102679_062425_050000.bin,Pellicer Creek,GTMNERR,32,26.779,0,16.26,0,0.071,0,,-2,,-2,90.36,30.04,7.52,0,-46.2,6,32.114,0,10.53,0,1.191,2.39,9.57,0
6/25/2025,2:45, ,gtmpcwq_13K102679_062425_050000.bin,Pellicer Creek,GTMNERR,32,25.963,0,15.72,0,0.048,0,,-2,,-2,91.47,30.41,7.5,0,-44.5,6.01,32.055,0,10.42,0,1.193,2.31,9.26,0
6/25/2025,3:00, ,gtmpcwq_13K102679_062425_050000.bin,Pellicer Creek,GTMNERR,32,27.377,0,16.66,0,0.025,0,,-2,,-2,87.93,29.23,7.5,0,-45,6.01,32.144,0,15.94,0,1.185,2.37,9.51,0
6/25/2025,3:15, ,gtmpcwq_13K102679_062425_050000.bin,Pellicer Creek,GTMNERR,32,26.629,0,16.16,0,0.003,0,,-2,,-2,90.24,30,7.44,0,-41,6.01,32.081,0,10.66,0,1.201,2.05,8.22,0
6/25/2025,3:30, ,gtmpcwq_13K102679_062425_050000.bin,Pellicer Creek,GTMNERR,32,26.709,0,16.21,0,-0.017,0,,-2,,-2,91.79,30.52,7.52,0,-45.9,6,32.143,0,10.29,0,1.199,2.46,9.85,0
6/25/2025,3:45, ,gtmpcwq_13K102679_062425_050000.bin,Pellicer Creek,GTMNERR,32,26.363,0,15.98,0,-0.036,0,,-2,,-2,93.01,30.93,7.49,0,-44.1,6.01,32.064,0,9.21,0,1.191,2.35,9.43,0
6/25/2025,4:00, ,gtmpcwq_13K102679_062425_050000.bin,Pellicer Creek,GTMNERR,32,25.428,0,15.36,0,-0.056,0,,-2,,-2,95.35,31.71,7.5,0,-44.4,6.01,31.981,0,8.91,0,1.185,2.64,10.6,0
6/25/2025,4:15, ,gtmpcwq_13K102679_062425_050000.bin,Pellicer Creek,GTMNERR,32,25.854,0,15.65,0,-0.073,0,,-2,,-2,94.98,31.59,7.48,0,-43.7,6.01,31.906,0,9.9,0,1.188,2.5,10.02,0
6/25/2025,4:30, ,gtmpcwq_13K102679_062425_050000.bin,Pellicer Creek,GTMNERR,32,25.112,0,15.16,0,-0.09,0,,-2,,-2,95.95,31.91,7.45,0,-41.7,6.01,31.897,0,9.95,0,1.199,2.44,9.78,0
6/25/2025,4:45, ,gtmpcwq_13K102679_062425_050000.bin,Pellicer Creek,GTMNERR,32,24.801,0,14.95,0,-0.105,0,,-2,,-2,96.67,32.15,7.45,0,-41.5,6.01,31.865,0,9.26,0,1.183,2.45,9.83,0
6/25/2025,5:00, ,gtmpcwq_13K102679_062425_050000.bin,Pellicer Creek,GTMNERR,32,24.498,0,14.75,0,-0.119,0,,-2,,-2,96.74,32.17,7.42,0,-40,6.01,31.832,0,10.51,0,1.194,2.44,9.78,0
6/25/2025,5:15, ,gtmpcwq_13K102679_062425_050000.bin,Pellicer Creek,GTMNERR,32,23.833,0,14.31,0,-0.13,0,,-2,,-2,98.03,32.61,7.42,0,-39.8,6.01,31.782,0,9.94,0,1.197,2.48,9.96,0
6/25/2025,5:30, ,gtmpcwq_13K102679_062425_050000.bin,Pellicer Creek,GTMNERR,32,23.971,0,14.41,0,-0.144,0,,-2,,-2,95.78,31.85,7.35,0,-35.2,6.01,31.799,0,8.41,0,1.184,2.15,8.61,0
6/25/2025,5:45, ,gtmpcwq_13K102679_062425_050000.bin,Pellicer Creek,GTMNERR,32,23.883,0,14.35,0,-0.154,0,,-2,,-2,96.5,32.09,7.31,0,-33,6.01,31.773,0,8.54,0,1.19,2.06,8.26,0
6/25/2025,6:00, ,gtmpcwq_13K102679_062425_050000.bin,Pellicer Creek,GTMNERR,32,23.904,0,14.36,0,-0.162,0,,-2,,-2,94.44,31.41,7.31,0,-33,6.01,31.735,0,9.47,0,1.191,2.11,8.45,0
6/25/2025,6:15, ,gtmpcwq_13K102679_062425_050000.bin,Pellicer Creek,GTMNERR,32,23.47,0,14.08,0,-0.173,0,,-2,,-2,96.75,32.18,7.33,0,-34,6.01,31.692,0,10.47,0,1.188,2.26,9.06,0
6/25/2025,6:30, ,gtmpcwq_13K102679_062425_050000.bin,Pellicer Creek,GTMNERR,32,22.92,0,13.72,0,-0.179,0,,-2,,-2,95.86,31.88,7.31,0,-32.9,6.01,31.637,0,12.91,0,1.186,2.2,8.82,0
6/25/2025,6:45, ,gtmpcwq_13K102679_062425_050000.bin,Pellicer Creek,GTMNERR,32,22.222,0,13.26,0,-0.178,0,,-2,,-2,100.77,33.52,7.33,0,-34.1,6.01,31.542,0,8.6,0,1.191,2.34,9.39,0
6/25/2025,7:00, ,gtmpcwq_13K102679_062425_050000.bin,Pellicer Creek,GTMNERR,32,21.488,0,12.79,0,-0.165,0,,-2,,-2,101.96,33.92,7.32,0,-33.8,6.01,31.492,0,7.87,0,1.19,2.28,9.16,0
6/25/2025,7:15, ,gtmpcwq_13K102679_062425_050000.bin,Pellicer Creek,GTMNERR,32,20.035,0,11.85,0,-0.147,0,,-2,,-2,105.75,35.18,7.32,0,-33.5,6.01,31.212,0,8.31,0,1.184,2.48,9.97,0
6/25/2025,7:30, ,gtmpcwq_13K102679_062425_050000.bin,Pellicer Creek,GTMNERR,32,19.694,0,11.64,0,-0.129,0,,-2,,-2,105.5,35.1,7.35,0,-35.2,6.01,30.902,0,9.41,0,1.193,2.67,10.72,0
6/25/2025,7:45, ,gtmpcwq_13K102679_062425_050000.bin,Pellicer Creek,GTMNERR,32,20.245,0,11.99,0,-0.109,0,,-2,,-2,105.42,35.07,7.36,0,-36.3,6.01,31.063,0,9.08,0,1.193,2.74,10.99,0
6/25/2025,8:00, ,gtmpcwq_13K102679_062425_050000.bin,Pellicer Creek,GTMNERR,32,21.86,0,13.04,0,-0.085,0,,-2,,-2,102.12,33.97,7.39,0,-38,6.01,31.043,0,9.79,0,1.19,2.83,11.35,0
6/25/2025,8:15, ,gtmpcwq_13K102679_062425_050000.bin,Pellicer Creek,GTMNERR,32,23.208,0,13.92,0,-0.058,0,,-2,,-2,98.59,32.79,7.44,0,-41.2,6.01,31.027,0,11.41,0,1.193,2.89,11.62,0
6/25/2025,8:30, ,gtmpcwq_13K102679_062425_050000.bin,Pellicer Creek,GTMNERR,32,23.673,0,14.22,0,-0.028,0,,-2,,-2,97.49,32.43,7.46,0,-42.3,6.01,31.209,0,11.95,0,1.191,2.81,11.29,0
6/25/2025,8:45, ,gtmpcwq_13K102679_062425_050000.bin,Pellicer Creek,GTMNERR,32,23.954,0,14.4,0,0.001,0,,-2,,-2,96.87,32.22,7.47,0,-42.6,6.01,31.337,0,11.06,0,1.187,2.86,11.47,0
6/25/2025,9:00, ,gtmpcwq_13K102679_062425_050000.bin,Pellicer Creek,GTMNERR,32,25.258,0,15.26,0,0.03,0,,-2,,-2,93.46,31.08,7.49,0,-44.1,6.01,31.503,0,12.21,0,1.185,2.92,11.73,0
6/25/2025,9:15, ,gtmpcwq_13K102679_062425_050000.bin,Pellicer Creek,GTMNERR,32,27.931,0,17.04,0,0.061,0,,-2,,-2,85.51,28.42,7.51,0,-45.1,6.01,31.628,0,19.85,0,1.187,3.19,12.83,0
6/25/2025,9:30, ,gtmpcwq_13K102679_062425_050000.bin,Pellicer Creek,GTMNERR,32,30.802,0,18.98,0,0.094,0,,-2,,-2,81.49,27.08,7.5,0,-44.7,6.01,31.733,0,22.64,0,1.199,3.05,12.25,0
6/25/2025,9:45, ,gtmpcwq_13K102679_062425_050000.bin,Pellicer Creek,GTMNERR,32,31.138,0,19.21,0,0.124,0,,-2,,-2,81.55,27.1,7.51,0,-45.3,6.01,31.661,0,19.44,0,1.194,3.15,12.64,0
6/25/2025,10:00, ,gtmpcwq_13K102679_062425_050000.bin,Pellicer Creek,GTMNERR,32,30.678,0,18.89,0,0.152,0,,-2,,-2,83.72,27.83,7.55,0,-47.7,6.01,31.718,0,14.22,0,1.188,3.01,12.1,0
6/25/2025,10:15, ,gtmpcwq_13K102679_062425_050000.bin,Pellicer Creek,GTMNERR,32,32.876,0,20.4,0,0.174,0,,-2,,-2,79.46,26.4,7.51,0,-45.3,6.01,31.547,0,16.56,0,1.195,2.87,11.52,0
6/25/2025,10:30, ,gtmpcwq_13K102679_062425_050000.bin,Pellicer Creek,GTMNERR,32,30.698,0,18.9,0,0.192,0,,-2,,-2,82.72,27.49,7.55,0,-47.8,6.01,32.032,0,13.42,0,1.186,2.65,10.65,0
6/25/2025,10:45, ,gtmpcwq_13K102679_062425_050000.bin,Pellicer Creek,GTMNERR,32,34.006,0,21.17,0,0.201,0,,-2,,-2,77.94,25.9,7.48,0,-43.4,6.01,31.56,0,13.38,0,1.185,2.69,10.8,0
6/25/2025,11:00, ,gtmpcwq_13K102679_062425_050000.bin,Pellicer Creek,GTMNERR,32,34.506,0,21.52,0,0.198,0,,-2,,-2,77.82,25.86,7.46,0,-42.2,6.01,31.572,0,11.26,0,1.196,2.54,10.18,0
6/25/2025,11:15, ,gtmpcwq_13K102679_062425_050000.bin,Pellicer Creek,GTMNERR,32,34.918,0,21.81,0,0.182,0,,-2,,-2,77.33,25.69,7.38,0,-37.4,6.01,31.45,0,12.4,0,1.19,2.14,8.56,0
6/25/2025,11:30, ,gtmpcwq_13K102679_062425_050000.bin,Pellicer Creek,GTMNERR,32,35.177,0,21.99,0,0.166,0,,-2,,-2,76.77,25.51,7.41,0,-39.2,6.02,31.377,0,12.76,0,1.192,2.28,9.13,0
6/25/2025,11:45, ,gtmpcwq_13K102679_062425_050000.bin,Pellicer Creek,GTMNERR,32,34.19,0,21.3,0,0.145,0,,-2,,-2,79.34,26.36,7.47,0,-43.1,6.02,31.462,0,11.65,0,1.191,2.8,11.24,0
6/25/2025,12:00, ,gtmpcwq_13K102679_062425_050000.bin,Pellicer Creek,GTMNERR,32,32.901,0,20.41,0,0.131,0,,-2,,-2,80.58,26.78,7.44,0,-41.2,6.01,31.667,0,12,0,1.187,2.83,11.36,0
6/25/2025,12:15, ,gtmpcwq_13K102679_062425_050000.bin,Pellicer Creek,GTMNERR,32,32.665,0,20.25,0,0.11,0,,-2,,-2,81.86,27.2,7.46,0,-42,6.01,31.732,0,12.53,0,1.194,2.83,11.36,0
6/25/2025,12:30, ,gtmpcwq_13K102679_062425_050000.bin,Pellicer Creek,GTMNERR,32,32.213,0,19.94,0,0.085,0,,-2,,-2,81.81,27.19,7.44,0,-40.8,6.02,31.778,0,10.8,0,1.189,2.47,9.89,0
6/25/2025,12:45, ,gtmpcwq_13K102679_062425_050000.bin,Pellicer Creek,GTMNERR,32,30.261,0,18.61,0,0.066,0,,-2,,-2,86.26,28.67,7.56,0,-48.6,6.02,31.777,0,12.99,0,1.184,3.55,14.29,0
6/25/2025,13:00, ,gtmpcwq_13K102679_062425_050000.bin,Pellicer Creek,GTMNERR,32,31.736,0,19.61,0,0.044,0,,-2,,-2,84.35,28.04,7.52,0,-45.7,6.01,31.743,0,12.79,0,1.202,3.25,13.07,0
6/25/2025,13:15, ,gtmpcwq_13K102679_062425_050000.bin,Pellicer Creek,GTMNERR,32,31.391,0,19.38,0,0.024,0,,-2,,-2,85.68,28.48,7.52,0,-46.1,6.02,31.76,0,11.61,0,1.185,3.26,13.11,0
6/25/2025,13:30, ,gtmpcwq_13K102679_062425_050000.bin,Pellicer Creek,GTMNERR,32,31.746,0,19.62,0,0.003,0,,-2,,-2,84.76,28.17,7.47,0,-42.5,6.02,31.699,0,10.83,0,1.203,3.24,13,0
6/25/2025,13:45, ,gtmpcwq_13K102679_062425_050000.bin,Pellicer Creek,GTMNERR,32,31.087,0,19.17,0,-0.017,0,,-2,,-2,86.08,28.61,7.42,0,-39.9,6.01,31.7,0,9.54,0,1.191,2.89,11.61,0
6/25/2025,14:00, ,gtmpcwq_13K102679_062425_050000.bin,Pellicer Creek,GTMNERR,32,29.702,0,18.23,0,-0.035,0,,-2,,-2,88.93,29.56,7.51,0,-45,6.02,31.736,0,10.69,0,1.187,3.72,14.97,0
6/25/2025,14:15, ,gtmpcwq_13K102679_062425_050000.bin,Pellicer Creek,GTMNERR,32,30.86,0,19.02,0,-0.055,0,,-2,,-2,85.69,28.48,7.42,0,-40,6.02,31.73,0,11.56,0,1.199,2.8,11.24,0
6/25/2025,14:30, ,gtmpcwq_13K102679_062425_050000.bin,Pellicer Creek,GTMNERR,32,30.096,0,18.5,0,-0.074,0,,-2,,-2,88.17,29.31,7.42,0,-40.1,6.02,31.793,0,9.73,0,1.199,2.99,12,0
6/25/2025,14:45, ,gtmpcwq_13K102679_062425_050000.bin,Pellicer Creek,GTMNERR,32,29.318,0,17.97,0,-0.094,0,,-2,,-2,88.57,29.45,7.43,0,-40.3,6.02,31.839,0,10.8,0,1.191,2.71,10.88,0
6/25/2025,15:00, ,gtmpcwq_13K102679_062425_050000.bin,Pellicer Creek,GTMNERR,32,29.449,0,18.06,0,-0.111,0,,-2,,-2,89.46,29.74,7.46,0,-42,6.02,31.819,0,8.87,0,1.191,2.83,11.35,0
6/25/2025,15:15, ,gtmpcwq_13K102679_062425_050000.bin,Pellicer Creek,GTMNERR,32,28.614,0,17.49,0,-0.129,0,,-2,,-2,89.9,29.89,7.45,0,-41.6,6.02,31.889,0,9.24,0,1.194,3.27,13.15,0
6/25/2025,15:30, ,gtmpcwq_13K102679_062425_050000.bin,Pellicer Creek,GTMNERR,32,28.668,0,17.53,0,-0.145,0,,-2,,-2,90.22,30,7.41,0,-39.3,6.02,31.851,0,8.78,0,1.194,3.05,12.24,0
6/25/2025,15:45, ,gtmpcwq_13K102679_062425_050000.bin,Pellicer Creek,GTMNERR,32,28.216,0,17.23,0,-0.158,0,,-2,,-2,89.64,29.8,7.38,0,-37.4,6.02,31.89,0,8.5,0,1.188,2.5,10.02,0
6/25/2025,16:00, ,gtmpcwq_13K102679_062425_050000.bin,Pellicer Creek,GTMNERR,32,27.153,0,16.51,0,-0.168,0,,-2,,-2,92.23,30.67,7.43,0,-40.2,6.02,31.999,0,7.29,0,1.198,2.77,11.13,0
6/25/2025,16:15, ,gtmpcwq_13K102679_062425_050000.bin,Pellicer Creek,GTMNERR,32,25.862,0,15.65,0,-0.177,0,,-2,,-2,92.59,30.79,7.4,0,-38.8,6.02,32.185,0,8.75,0,1.199,3.13,12.57,0
6/25/2025,16:30, ,gtmpcwq_13K102679_062425_050000.bin,Pellicer Creek,GTMNERR,32,24.56,0,14.78,0,-0.188,0,,-2,,-2,95.37,31.72,7.43,0,-40.2,6.02,32.436,0,9.01,0,1.189,3.15,12.66,0
6/25/2025,16:45, ,gtmpcwq_13K102679_062425_050000.bin,Pellicer Creek,GTMNERR,32,23.702,0,14.21,0,-0.2,0,,-2,,-2,96.11,31.96,7.42,0,-39.7,6.02,32.632,0,9.56,0,1.197,2.71,10.87,0
6/25/2025,17:00, ,gtmpcwq_13K102679_062425_050000.bin,Pellicer Creek,GTMNERR,32,23.695,0,14.21,0,-0.207,0,,-2,,-2,95.8,31.86,7.38,0,-37.5,6.02,32.672,0,7.74,0,1.2,2.38,9.55,0
6/25/2025,17:15, ,gtmpcwq_13K102679_062425_050000.bin,Pellicer Creek,GTMNERR,32,23.306,0,13.95,0,-0.212,0,,-2,,-2,97,32.26,7.41,0,-39,6.02,32.73,0,8.72,0,1.195,2.62,10.52,0
6/25/2025,17:30, ,gtmpcwq_13K102679_062425_050000.bin,Pellicer Creek,GTMNERR,32,23.063,0,13.79,0,-0.222,0,,-2,,-2,97.72,32.5,7.38,0,-37.3,6.02,32.755,0,8.34,0,1.194,2.79,11.21,0
6/25/2025,17:45, ,gtmpcwq_13K102679_062425_050000.bin,Pellicer Creek,GTMNERR,32,22.929,0,13.71,0,-0.227,0,,-2,,-2,97.01,32.26,7.33,0,-34.3,6.02,32.657,0,8.45,0,1.195,2.56,10.25,0
6/25/2025,18:00, ,gtmpcwq_13K102679_062425_050000.bin,Pellicer Creek,GTMNERR,32,22.666,0,13.53,0,-0.234,0,,-2,,-2,96.56,32.11,7.33,0,-34.4,6.02,32.69,0,7.89,0,1.195,2.47,9.91,0
6/25/2025,18:15, ,gtmpcwq_13K102679_062425_050000.bin,Pellicer Creek,GTMNERR,32,22.56,0,13.46,0,-0.234,0,,-2,,-2,96.63,32.14,7.32,0,-33.7,6.02,32.704,0,9.05,0,1.191,2.62,10.52,0
6/25/2025,18:30, ,gtmpcwq_13K102679_062425_050000.bin,Pellicer Creek,GTMNERR,32,22.536,0,13.45,0,-0.23,0,,-2,,-2,98.57,32.78,7.37,0,-37,6.02,32.774,0,8.39,0,1.184,2.78,11.18,0
6/25/2025,18:45, ,gtmpcwq_13K102679_062425_050000.bin,Pellicer Creek,GTMNERR,32,20.813,0,12.32,0,-0.217,0,,-2,,-2,100.77,33.52,7.43,0,-40.6,6.02,33.224,0,9.06,0,1.202,2.65,10.65,0
6/25/2025,19:00, ,gtmpcwq_13K102679_062425_050000.bin,Pellicer Creek,GTMNERR,32,16.977,0,9.86,0,-0.203,0,,-2,,-2,101.77,33.85,7.63,0,-53.2,6.02,33.795,0,14.01,0,1.183,3.42,13.73,0
6/25/2025,19:15, ,gtmpcwq_13K102679_062425_050000.bin,Pellicer Creek,GTMNERR,32,17.783,0,10.37,0,-0.182,0,,-2,,-2,92.37,30.72,7.66,0,-55,6.02,33.623,0,29.38,0,1.201,3.35,13.45,0
6/25/2025,19:30, ,gtmpcwq_13K102679_062425_050000.bin,Pellicer Creek,GTMNERR,32,18.779,0,11.01,0,-0.158,0,,-2,,-2,98.03,32.61,7.68,0,-56.1,6.02,33.541,0,16.19,0,1.192,3.39,13.62,0
6/25/2025,19:45, ,gtmpcwq_13K102679_062425_050000.bin,Pellicer Creek,GTMNERR,32,19.356,0,11.38,0,-0.13,0,,-2,,-2,97.54,32.44,7.7,0,-57.4,6.02,33.338,0,15.5,0,1.186,3.27,13.13,0
6/25/2025,20:00, ,gtmpcwq_13K102679_062425_050000.bin,Pellicer Creek,GTMNERR,32,20.574,0,12.17,0,-0.098,0,,-2,,-2,95.98,31.92,7.73,0,-59.2,6.02,33.17,0,13.71,0,1.2,2.9,11.63,0
6/25/2025,20:15, ,gtmpcwq_13K102679_062425_050000.bin,Pellicer Creek,GTMNERR,32,21.602,0,12.84,0,-0.059,0,,-2,,-2,95.12,31.63,7.74,0,-59.7,6.02,32.88,0,14.28,0,1.193,3.09,12.43,0
6/25/2025,20:30, ,gtmpcwq_13K102679_062425_050000.bin,Pellicer Creek,GTMNERR,32,23.449,0,14.04,0,-0.017,0,,-2,,-2,92.29,30.69,7.72,0,-58.3,6.02,32.834,0,15.16,0,1.193,3.06,12.31,0
6/25/2025,20:45, ,gtmpcwq_13K102679_062425_050000.bin,Pellicer Creek,GTMNERR,32,25.742,0,15.56,0,0.026,0,,-2,,-2,87.32,29.03,7.7,0,-57.3,6.02,32.614,0,19.58,0,1.188,3.09,12.42,0
6/25/2025,21:00, ,gtmpcwq_13K102679_062425_050000.bin,Pellicer Creek,GTMNERR,32,27.495,0,16.73,0,0.076,0,,-2,,-2,84.29,28.02,7.7,0,-56.9,6.02,32.443,0,21,0,1.186,2.94,11.8,0
6/25/2025,21:15, ,gtmpcwq_13K102679_062425_050000.bin,Pellicer Creek,GTMNERR,32,29.855,0,18.32,0,0.124,0,,-2,,-2,80.49,26.75,7.68,0,-55.8,6.02,32.344,0,22.47,0,1.191,2.89,11.61,0
6/25/2025,21:30, ,gtmpcwq_13K102679_062425_050000.bin,Pellicer Creek,GTMNERR,32,31.766,0,19.62,0,0.178,0,,-2,,-2,77.92,25.89,7.74,0,-59.2,6.02,32.229,0,20.13,0,1.187,2.65,10.64,0
6/25/2025,21:45, ,gtmpcwq_13K102679_062425_050000.bin,Pellicer Creek,GTMNERR,32,32.889,0,20.39,0,0.226,0,,-2,,-2,77.01,25.59,7.75,0,-59.9,6.02,32.15,0,17.17,0,1.194,2.66,10.66,0
6/25/2025,22:00, ,gtmpcwq_13K102679_062425_050000.bin,Pellicer Creek,GTMNERR,32,35.008,0,21.85,0,0.271,0,,-2,,-2,66.26,22,7.75,0,-60.1,6.02,32.212,0,40.4,0,1.191,2.71,10.87,0
6/25/2025,22:15, ,gtmpcwq_13K102679_062425_050000.bin,Pellicer Creek,GTMNERR,32,36.418,0,22.83,0,0.307,0,,-2,,-2,67.77,22.5,7.77,0,-61.1,6.03,32.085,0,24.52,0,1.191,2.47,9.93,0
6/25/2025,22:30, ,gtmpcwq_13K102679_062425_050000.bin,Pellicer Creek,GTMNERR,32,38.801,0,24.5,0,0.333,0,,-2,,-2,58,19.24,7.78,0,-62.1,6.02,31.967,0,41.46,0,1.185,2.44,9.78,0
6/25/2025,22:45, ,gtmpcwq_13K102679_062425_050000.bin,Pellicer Creek,GTMNERR,32,40.176,0,25.47,0,0.355,0,,-2,,-2,59.22,19.64,7.8,0,-63.2,6.02,31.849,0,30,0,1.189,2.11,8.47,0
6/25/2025,23:00, ,gtmpcwq_13K102679_062425_050000.bin,Pellicer Creek,GTMNERR,32,41.425,0,26.36,0,0.375,0,,-2,,-2,55.49,18.4,7.81,0,-63.9,6.03,31.749,0,27.62,0,1.202,2.07,8.28,0
6/25/2025,23:15, ,gtmpcwq_13K102679_062425_050000.bin,Pellicer Creek,GTMNERR,32,42.424,0,27.07,0,0.388,0,,-2,,-2,54.43,18.04,7.83,0,-64.8,6.02,31.622,0,21.03,0,1.185,1.89,7.55,0
6/25/2025,23:30, ,gtmpcwq_13K102679_062425_050000.bin,Pellicer Creek,GTMNERR,32,43.267,0,27.67,0,0.4,0,,-2,,-2,51.63,17.11,7.83,0,-64.8,6.02,31.611,0,26.86,0,1.198,1.79,7.17,0
6/25/2025,23:45, ,gtmpcwq_13K102679_062425_050000.bin,Pellicer Creek,GTMNERR,32,44.126,0,28.29,0,0.405,0,,-2,,-2,48.73,16.14,7.82,0,-64.2,6.02,31.586,0,25.75,0,1.189,1.65,6.59,0
6/26/2025,0:00, ,gtmpcwq_13K102679_062425_050000.bin,Pellicer Creek,GTMNERR,32,44.605,0,28.63,0,0.404,0,,-2,,-2,49.98,16.56,7.8,0,-63.3,6.03,31.563,0,15.83,0,1.187,1.53,6.13,0
6/26/2025,0:15, ,gtmpcwq_13K102679_062425_050000.bin,Pellicer Creek,GTMNERR,32,45.06,0,28.96,0,0.395,0,,-2,,-2,49.27,16.32,7.79,0,-62.6,6.03,31.549,0,14.67,0,1.198,1.24,4.93,0
6/26/2025,0:30, ,gtmpcwq_13K102679_062425_050000.bin,Pellicer Creek,GTMNERR,32,44.912,0,28.85,0,0.377,0,,-2,,-2,50.02,16.57,7.73,0,-58.7,6.03,31.528,0,13.49,0,1.194,1.13,4.48,0
6/26/2025,0:45, ,gtmpcwq_13K102679_062425_050000.bin,Pellicer Creek,GTMNERR,32,44.683,0,28.69,0,0.355,0,,-2,,-2,51.18,16.96,7.79,0,-62.7,6.02,31.523,0,12.4,0,1.186,1.36,5.42,0
6/26/2025,1:00, ,gtmpcwq_13K102679_062425_050000.bin,Pellicer Creek,GTMNERR,32,44.074,0,28.25,0,0.329,0,,-2,,-2,52.62,17.44,7.81,0,-63.4,6.02,31.536,0,13.16,0,1.201,1.54,6.14,0
6/26/2025,1:15, ,gtmpcwq_13K102679_062425_050000.bin,Pellicer Creek,GTMNERR,32,43.183,0,27.61,0,0.302,0,,-2,,-2,51.39,17.03,7.81,0,-63.9,6.03,31.581,0,30.56,0,1.186,1.85,7.39,0
6/26/2025,1:30, ,gtmpcwq_13K102679_062425_050000.bin,Pellicer Creek,GTMNERR,32,42.113,0,26.85,0,0.279,0,,-2,,-2,54.8,18.17,7.81,0,-63.6,6.03,31.573,0,25.29,0,1.195,1.9,7.61,0
6/26/2025,1:45, ,gtmpcwq_13K102679_062425_050000.bin,Pellicer Creek,GTMNERR,32,40.69,0,25.84,0,0.256,0,,-2,,-2,57.12,18.94,7.79,0,-62.4,6.02,31.589,0,29.75,0,1.193,2.07,8.29,0
6/26/2025,2:00, ,gtmpcwq_13K102679_062425_050000.bin,Pellicer Creek,GTMNERR,32,37.616,0,23.68,0,0.231,0,,-2,,-2,66.6,22.11,7.74,0,-59.3,6.03,31.478,0,24.8,0,1.191,2.15,8.63,0
6/26/2025,2:15, ,gtmpcwq_13K102679_062425_050000.bin,Pellicer Creek,GTMNERR,32,36.346,0,22.8,0,0.207,0,,-2,,-2,69.41,23.05,7.7,0,-57.2,6.03,31.462,0,22.04,0,1.189,2.17,8.68,0
6/26/2025,2:30, ,gtmpcwq_13K102679_062425_050000.bin,Pellicer Creek,GTMNERR,32,35.397,0,22.14,0,0.184,0,,-2,,-2,73.02,24.25,7.67,0,-54.8,6.03,31.498,0,21.19,0,1.191,2.26,9.06,0
6/26/2025,2:45, ,gtmpcwq_13K102679_062425_050000.bin,Pellicer Creek,GTMNERR,32,33.599,0,20.9,0,0.158,0,,-2,,-2,78.15,25.97,7.65,0,-54.1,6.02,31.443,0,16.71,0,1.189,2.31,9.25,0
6/26/2025,3:00, ,gtmpcwq_13K102679_062425_050000.bin,Pellicer Creek,GTMNERR,32,31.729,0,19.62,0,0.132,0,,-2,,-2,82.26,27.34,7.59,0,-50.4,6.03,31.395,0,14.89,0,1.195,2.26,9.08,0
6/26/2025,3:15, ,gtmpcwq_13K102679_062425_050000.bin,Pellicer Creek,GTMNERR,32,30.393,0,18.71,0,0.107,0,,-2,,-2,85.28,28.35,7.58,0,-49.8,6.03,31.381,0,12.14,0,1.193,2.12,8.5,0
6/26/2025,3:30, ,gtmpcwq_13K102679_062425_050000.bin,Pellicer Creek,GTMNERR,32,30.293,0,18.64,0,0.085,0,,-2,,-2,85.62,28.46,7.56,0,-48.5,6.02,31.397,0,14.08,0,1.192,2.37,9.49,0
6/26/2025,3:45, ,gtmpcwq_13K102679_062425_050000.bin,Pellicer Creek,GTMNERR,32,28.413,0,17.37,0,0.061,0,,-2,,-2,90.05,29.94,7.54,0,-47,6.04,31.374,0,11.06,0,1.191,2.29,9.2,0
6/26/2025,4:00, ,gtmpcwq_13K102679_062425_050000.bin,Pellicer Creek,GTMNERR,32,28.717,0,17.58,0,0.035,0,,-2,,-2,89.63,29.8,7.54,0,-47.2,6.03,31.347,0,11.61,0,1.192,2.35,9.44,0
6/26/2025,4:15, ,gtmpcwq_13K102679_062425_050000.bin,Pellicer Creek,GTMNERR,32,29.17,0,17.88,0,0.01,0,,-2,,-2,89.59,29.79,7.56,0,-48.2,6.03,31.376,0,11.59,0,1.201,2.41,9.65,0
6/26/2025,4:30, ,gtmpcwq_13K102679_062425_050000.bin,Pellicer Creek,GTMNERR,32,28.795,0,17.63,0,-0.012,0,,-2,,-2,90.19,29.99,7.54,0,-46.8,6.03,31.358,0,10.65,0,1.189,2.29,9.2,0
6/26/2025,4:45, ,gtmpcwq_13K102679_062425_050000.bin,Pellicer Creek,GTMNERR,32,28.071,0,17.14,0,-0.032,0,,-2,,-2,91.16,30.31,7.52,0,-46.1,6.03,31.342,0,11.14,0,1.193,2.36,9.48,0
6/26/2025,5:00, ,gtmpcwq_13K102679_062425_050000.bin,Pellicer Creek,GTMNERR,32,26.445,0,16.06,0,-0.048,0,,-2,,-2,94.21,31.33,7.5,0,-44.7,6.03,31.212,0,12.07,0,1.185,2.44,9.79,0
6/26/2025,5:15, ,gtmpcwq_13K102679_062425_050000.bin,Pellicer Creek,GTMNERR,32,27.848,0,16.99,0,-0.07,0,,-2,,-2,92.57,30.78,7.5,0,-44.3,6.03,31.276,0,13.6,0,1.194,2.37,9.51,0
6/26/2025,5:30, ,gtmpcwq_13K102679_062425_050000.bin,Pellicer Creek,GTMNERR,32,27.067,0,16.47,0,-0.087,0,,-2,,-2,93.64,31.14,7.49,0,-43.7,6.03,31.261,0,10.73,0,1.191,2.37,9.49,0
6/26/2025,5:45, ,gtmpcwq_13K102679_062425_050000.bin,Pellicer Creek,GTMNERR,32,25.069,0,15.14,0,-0.102,0,,-2,,-2,97.13,32.31,7.47,0,-42.9,6.04,31.153,0,10.88,0,1.186,2.57,10.3,0
6/26/2025,6:00, ,gtmpcwq_13K102679_062425_050000.bin,Pellicer Creek,GTMNERR,32,26.866,0,16.34,0,-0.119,0,,-2,,-2,93.49,31.09,7.42,0,-39.9,6.03,31.243,0,10.22,0,1.194,2.24,9,0
6/26/2025,6:15, ,gtmpcwq_13K102679_062425_050000.bin,Pellicer Creek,GTMNERR,32,25.709,0,15.57,0,-0.134,0,,-2,,-2,95.27,31.68,7.4,0,-38.7,6.04,31.216,0,11.42,0,1.201,2.41,9.67,0
6/26/2025,6:30, ,gtmpcwq_13K102679_062425_050000.bin,Pellicer Creek,GTMNERR,32,26.035,0,15.78,0,-0.144,0,,-2,,-2,93.55,31.11,7.36,0,-35.8,6.03,31.173,0,10.03,0,1.194,2.1,8.41,0
6/26/2025,6:45, ,gtmpcwq_13K102679_062425_050000.bin,Pellicer Creek,GTMNERR,32,26.015,0,15.77,0,-0.155,0,,-2,,-2,93.15,30.97,7.36,0,-36.1,6.03,31.197,0,10.44,0,1.192,2.21,8.85,0
6/26/2025,7:00, ,gtmpcwq_13K102679_062425_050000.bin,Pellicer Creek,GTMNERR,32,25.757,0,15.6,0,-0.167,0,,-2,,-2,95.27,31.68,7.38,0,-37.5,6.03,31.188,0,9.75,0,1.193,2.32,9.32,0
6/26/2025,7:15, ,gtmpcwq_13K102679_062425_050000.bin,Pellicer Creek,GTMNERR,32,24.882,0,15.02,0,-0.171,0,,-2,,-2,97.36,32.38,7.32,0,-33.7,6.04,31.138,0,8.76,0,1.191,2.2,8.81,0
6/26/2025,7:30, ,gtmpcwq_13K102679_062425_050000.bin,Pellicer Creek,GTMNERR,32,24.322,0,14.65,0,-0.172,0,,-2,,-2,95.22,31.67,7.33,0,-34.3,6.03,31.106,0,10.76,0,1.183,2.11,8.44,0
6/26/2025,7:45, ,gtmpcwq_13K102679_062425_050000.bin,Pellicer Creek,GTMNERR,32,23.59,0,14.17,0,-0.162,0,,-2,,-2,100.35,33.38,7.34,0,-34.7,6.03,31.052,0,8.37,0,1.199,2.14,8.57,0
6/26/2025,8:00, ,gtmpcwq_13K102679_062425_050000.bin,Pellicer Creek,GTMNERR,32,22.165,0,13.24,0,-0.144,0,,-2,,-2,103.4,34.4,7.33,0,-34.2,6.03,30.958,0,8.6,0,1.185,2.18,8.73,0
6/26/2025,8:15, ,gtmpcwq_13K102679_062425_050000.bin,Pellicer Creek,GTMNERR,32,21.58,0,12.86,0,-0.123,0,,-2,,-2,103.68,34.49,7.36,0,-36.1,6.04,30.721,0,10.39,0,1.195,2.77,11.11,0
6/26/2025,8:30, ,gtmpcwq_13K102679_062425_050000.bin,Pellicer Creek,GTMNERR,32,22.382,0,13.38,0,-0.102,0,,-2,,-2,102.6,34.13,7.38,0,-37.4,6.04,30.822,0,9.97,0,1.201,2.73,10.94,0
6/26/2025,8:45, ,gtmpcwq_13K102679_062425_050000.bin,Pellicer Creek,GTMNERR,32,24.622,0,14.85,0,-0.078,0,,-2,,-2,98.36,32.71,7.43,0,-40.1,6.03,30.825,0,10.52,0,1.186,2.84,11.4,0
6/26/2025,9:00, ,gtmpcwq_13K102679_062425_050000.bin,Pellicer Creek,GTMNERR,32,24.875,0,15.02,0,-0.05,0,,-2,,-2,96.97,32.25,7.47,0,-42.7,6.04,30.94,0,10.79,0,1.188,2.67,10.72,0
6/26/2025,9:15, ,gtmpcwq_13K102679_062425_050000.bin,Pellicer Creek,GTMNERR,32,26.57,0,16.14,0,-0.019,0,,-2,,-2,93.48,31.09,7.5,0,-44.5,6.04,31.029,0,12.18,0,1.202,2.86,11.5,0
6/26/2025,9:30, ,gtmpcwq_13K102679_062425_050000.bin,Pellicer Creek,GTMNERR,32,25.928,0,15.71,0,0.016,0,,-2,,-2,89.68,29.82,7.51,0,-45.5,6.03,31.192,0,19.49,0,1.186,2.9,11.63,0
6/26/2025,9:45, ,gtmpcwq_13K102679_062425_050000.bin,Pellicer Creek,GTMNERR,32,28.41,0,17.37,0,0.046,0,,-2,,-2,89.06,29.61,7.53,0,-46.4,6.04,31.252,0,13.6,0,1.188,2.85,11.43,0
6/26/2025,10:00, ,gtmpcwq_13K102679_062425_050000.bin,Pellicer Creek,GTMNERR,32,32.215,0,19.96,0,0.082,0,,-2,,-2,80.8,26.85,7.53,0,-46.5,6.04,31.174,0,19.71,0,1.189,2.97,11.91,0
6/26/2025,10:15, ,gtmpcwq_13K102679_062425_050000.bin,Pellicer Creek,GTMNERR,32,31.738,0,19.63,0,0.12,0,,-2,,-2,82.41,27.39,7.55,0,-47.8,6.04,31.222,0,15.9,0,1.19,2.97,11.93,0
6/26/2025,10:30, ,gtmpcwq_13K102679_062425_050000.bin,Pellicer Creek,GTMNERR,32,33.78,0,21.03,0,0.155,0,,-2,,-2,77.28,25.67,7.56,0,-48.3,6.04,31.236,0,18.92,0,1.187,3.09,12.41,0
6/26/2025,10:45, ,gtmpcwq_13K102679_062425_050000.bin,Pellicer Creek,GTMNERR,32,36.234,0,22.73,0,0.186,0,,-2,,-2,72.93,24.22,7.53,0,-46.3,6.04,30.921,0,24.47,0,1.19,3.15,12.66,0
6/26/2025,11:00, ,gtmpcwq_13K102679_062425_050000.bin,Pellicer Creek,GTMNERR,32,35.605,0,22.29,0,0.213,0,,-2,,-2,75.58,25.11,7.57,0,-49.1,6.04,31.285,0,16.34,0,1.197,2.64,10.58,0
6/26/2025,11:15, ,gtmpcwq_13K102679_062425_050000.bin,Pellicer Creek,GTMNERR,32,37.918,0,23.9,0,0.233,0,,-2,,-2,71.33,23.69,7.54,0,-47.2,6.04,31.14,0,20.04,0,1.193,3.04,12.21,0
6/26/2025,11:30, ,gtmpcwq_13K102679_062425_050000.bin,Pellicer Creek,GTMNERR,32,38.215,0,24.11,0,0.248,0,,-2,,-2,69.77,23.17,7.55,0,-47.7,6.04,31.338,0,17.33,0,1.193,2.57,10.3,0
6/26/2025,11:45, ,gtmpcwq_13K102679_062425_050000.bin,Pellicer Creek,GTMNERR,32,38.726,0,24.46,0,0.256,0,,-2,,-2,67.98,22.57,7.58,0,-49.7,6.04,31.504,0,18.83,0,1.196,2.52,10.13,0
6/26/2025,12:00, ,gtmpcwq_13K102679_062425_050000.bin,Pellicer Creek,GTMNERR,32,38.563,0,24.34,0,0.251,0,,-2,,-2,68,22.58,7.58,0,-49.3,6.04,31.78,0,12.49,0,1.196,2.21,8.84,0
6/26/2025,12:15, ,gtmpcwq_13K102679_062425_050000.bin,Pellicer Creek,GTMNERR,32,38.667,0,24.41,0,0.234,0,,-2,,-2,68.89,22.87,7.49,0,-44.1,6.04,31.658,0,12.95,0,1.193,1.85,7.42,0
6/26/2025,12:30, ,gtmpcwq_13K102679_062425_050000.bin,Pellicer Creek,GTMNERR,32,38.963,0,24.62,0,0.222,0,,-2,,-2,68.21,22.65,7.53,0,-46.3,6.04,31.589,0,12.6,0,1.185,1.94,7.78,0
6/26/2025,12:45, ,gtmpcwq_13K102679_062425_050000.bin,Pellicer Creek,GTMNERR,32,38.04,0,23.98,0,0.198,0,,-2,,-2,71.66,23.8,7.58,0,-49.4,6.04,31.51,0,12.7,0,1.184,2.78,11.17,0
6/26/2025,13:00, ,gtmpcwq_13K102679_062425_050000.bin,Pellicer Creek,GTMNERR,32,37.686,0,23.73,0,0.179,0,,-2,,-2,71.7,23.81,7.58,0,-49.7,6.04,31.547,0,15.17,0,1.186,2.64,10.59,0
6/26/2025,13:15, ,gtmpcwq_13K102679_062425_050000.bin,Pellicer Creek,GTMNERR,32,36.002,0,22.56,0,0.158,0,,-2,,-2,75.74,25.16,7.54,0,-47,6.04,31.586,0,10.18,0,1.184,2.56,10.25,0
6/26/2025,13:30, ,gtmpcwq_13K102679_062425_050000.bin,Pellicer Creek,GTMNERR,32,33.601,0,20.88,0,0.135,0,,-2,,-2,78.88,26.21,7.62,0,-51.9,6.05,32.224,0,14.2,0,1.198,2.75,11.06,0
6/26/2025,13:45, ,gtmpcwq_13K102679_062425_050000.bin,Pellicer Creek,GTMNERR,32,33.718,0,20.97,0,0.108,0,,-2,,-2,80.19,26.65,7.58,0,-49.7,6.04,31.974,0,12.05,0,1.191,2.79,11.21,0
6/26/2025,14:00, ,gtmpcwq_13K102679_062425_050000.bin,Pellicer Creek,GTMNERR,32,34.21,0,21.31,0,0.088,0,,-2,,-2,78.67,26.14,7.54,0,-47.4,6.04,31.683,0,12.23,0,1.183,2.65,10.65,0
6/26/2025,14:15, ,gtmpcwq_13K102679_062425_050000.bin,Pellicer Creek,GTMNERR,32,34.555,0,21.55,0,0.063,0,,-2,,-2,79.36,26.37,7.59,0,-50.3,6.03,31.592,0,14.71,0,1.194,3.57,14.35,0
6/26/2025,14:30, ,gtmpcwq_13K102679_062425_050000.bin,Pellicer Creek,GTMNERR,32,34.056,0,21.21,0,0.043,0,,-2,,-2,80.43,26.73,7.54,0,-47.3,6.04,31.505,0,13.2,0,1.202,3.06,12.29,0
6/26/2025,14:45, ,gtmpcwq_13K102679_062425_050000.bin,Pellicer Creek,GTMNERR,32,31.887,0,19.72,0,0.024,0,,-2,,-2,84.77,28.18,7.58,0,-49.7,6.04,31.565,0,13.24,0,1.191,3.58,14.37,0
6/26/2025,15:00, ,gtmpcwq_13K102679_062425_050000.bin,Pellicer Creek,GTMNERR,32,33.357,0,20.73,0,0.002,0,,-2,,-2,82.55,27.44,7.55,0,-47.8,6.04,31.521,0,12.51,0,1.186,3.17,12.74,0
6/26/2025,15:15, ,gtmpcwq_13K102679_062425_050000.bin,Pellicer Creek,GTMNERR,32,30.561,0,18.81,0,-0.015,0,,-2,,-2,86.81,28.86,7.59,0,-50,6.04,31.79,0,11.85,0,1.188,3.53,14.19,0
6/26/2025,15:30, ,gtmpcwq_13K102679_062425_050000.bin,Pellicer Creek,GTMNERR,32,32.476,0,20.12,0,-0.041,0,,-2,,-2,83.74,27.83,7.52,0,-46.1,6.04,31.619,0,12.65,0,1.192,3.05,12.26,0
6/26/2025,15:45, ,gtmpcwq_13K102679_062425_050000.bin,Pellicer Creek,GTMNERR,32,33.023,0,20.5,0,-0.058,0,,-2,,-2,82.44,27.4,7.46,0,-42.5,6.04,31.556,0,9.7,0,1.193,2.78,11.15,0
6/26/2025,16:00, ,gtmpcwq_13K102679_062425_050000.bin,Pellicer Creek,GTMNERR,32,32.087,0,19.86,0,-0.074,0,,-2,,-2,84.47,28.08,7.47,0,-42.9,6.04,31.628,0,10.48,0,1.188,2.68,10.76,0
6/26/2025,16:15, ,gtmpcwq_13K102679_062425_050000.bin,Pellicer Creek,GTMNERR,32,31.097,0,19.18,0,-0.091,0,,-2,,-2,84.11,27.96,7.46,0,-42.4,6.05,31.74,0,11.14,0,1.194,2.88,11.58,0
6/26/2025,16:30, ,gtmpcwq_13K102679_062425_050000.bin,Pellicer Creek,GTMNERR,32,30.298,0,18.63,0,-0.106,0,,-2,,-2,86.54,28.77,7.45,0,-41.8,6.03,31.823,0,8.76,0,1.185,2.25,9.01,0
6/26/2025,16:45, ,gtmpcwq_13K102679_062425_050000.bin,Pellicer Creek,GTMNERR,32,29.678,0,18.21,0,-0.12,0,,-2,,-2,88.07,29.28,7.44,0,-41.3,6.05,31.895,0,8.47,0,1.193,2.2,8.82,0
6/26/2025,17:00, ,gtmpcwq_13K102679_062425_050000.bin,Pellicer Creek,GTMNERR,32,29.273,0,17.94,0,-0.133,0,,-2,,-2,88.83,29.53,7.43,0,-40.7,6.04,31.953,0,9.06,0,1.185,2.41,9.68,0
6/26/2025,17:15, ,gtmpcwq_13K102679_062425_050000.bin,Pellicer Creek,GTMNERR,32,28.875,0,17.67,0,-0.149,0,,-2,,-2,88.15,29.31,7.4,0,-38.8,6.04,31.957,0,8.92,0,1.186,2.29,9.19,0
6/26/2025,17:30, ,gtmpcwq_13K102679_062425_050000.bin,Pellicer Creek,GTMNERR,32,30.211,0,18.58,0,-0.163,0,,-2,,-2,87.14,28.97,7.39,0,-37.8,6.04,31.745,0,8.6,0,1.194,2.29,9.2,0
6/26/2025,17:45, ,gtmpcwq_13K102679_062425_050000.bin,Pellicer Creek,GTMNERR,32,29.266,0,17.94,0,-0.17,0,,-2,,-2,89.84,29.87,7.4,0,-38.7,6.04,31.849,0,8.18,0,1.186,2.43,9.73,0
6/26/2025,18:00, ,gtmpcwq_13K102679_062425_050000.bin,Pellicer Creek,GTMNERR,32,28.431,0,17.37,0,-0.18,0,,-2,,-2,90.24,30,7.43,0,-40.6,6.04,31.945,0,9.22,0,1.2,2.58,10.36,0
6/26/2025,18:15, ,gtmpcwq_13K102679_062425_050000.bin,Pellicer Creek,GTMNERR,32,26.521,0,16.09,0,-0.191,0,,-2,,-2,92.79,30.85,7.4,0,-38.7,6.04,32.173,0,9.4,0,1.186,2.55,10.25,0
6/26/2025,18:30, ,gtmpcwq_13K102679_062425_050000.bin,Pellicer Creek,GTMNERR,32,25.348,0,15.3,0,-0.2,0,,-2,,-2,92.6,30.79,7.4,0,-38.9,6.04,32.315,0,8.45,0,1.199,2.16,8.67,0
6/26/2025,18:45, ,gtmpcwq_13K102679_062425_050000.bin,Pellicer Creek,GTMNERR,32,24.168,0,14.52,0,-0.21,0,,-2,,-2,93.98,31.25,7.39,0,-38,6.05,32.414,0,8.25,0,1.187,2.17,8.71,0
6/26/2025,19:00, ,gtmpcwq_13K102679_062425_050000.bin,Pellicer Creek,GTMNERR,32,22.811,0,13.63,0,-0.211,0,,-2,,-2,96.4,32.06,7.39,0,-37.7,6.04,32.492,0,8,0,1.184,2.6,10.45,0
6/26/2025,19:15, ,gtmpcwq_13K102679_062425_050000.bin,Pellicer Creek,GTMNERR,32,22.88,0,13.67,0,-0.201,0,,-2,,-2,98.21,32.66,7.4,0,-38.7,6.05,32.581,0,8.76,0,1.202,2.53,10.16,0
6/26/2025,19:30, ,gtmpcwq_13K102679_062425_050000.bin,Pellicer Creek,GTMNERR,32,22.646,0,13.52,0,-0.189,0,,-2,,-2,99.32,33.03,7.44,0,-41.1,6.04,32.575,0,8.9,0,1.191,2.88,11.56,0
6/26/2025,19:45, ,gtmpcwq_13K102679_062425_050000.bin,Pellicer Creek,GTMNERR,32,19.416,0,11.44,0,-0.17,0,,-2,,-2,101.02,33.6,7.57,0,-48.8,6.05,32.19,0,11.97,0,1.194,2.88,11.56,0
6/26/2025,20:00, ,gtmpcwq_13K102679_062425_050000.bin,Pellicer Creek,GTMNERR,32,19.419,0,11.43,0,-0.152,0,,-2,,-2,101.25,33.68,7.55,0,-47.8,6.05,32.355,0,12.96,0,1.197,3.16,12.7,0
6/26/2025,20:15, ,gtmpcwq_13K102679_062425_050000.bin,Pellicer Creek,GTMNERR,32,19.823,0,11.7,0,-0.127,0,,-2,,-2,102.38,34.06,7.6,0,-51,6.05,32.186,0,9.33,0,1.185,2.81,11.3,0
6/26/2025,20:30, ,gtmpcwq_13K102679_062425_050000.bin,Pellicer Creek,GTMNERR,32,21.819,0,12.99,0,-0.103,0,,-2,,-2,98.63,32.8,7.64,0,-53.3,6.05,31.908,0,11.99,0,1.193,3.08,12.39,0
6/26/2025,20:45, ,gtmpcwq_13K102679_062425_050000.bin,Pellicer Creek,GTMNERR,32,23.061,0,13.8,0,-0.071,0,,-2,,-2,96.98,32.25,7.66,0,-54.3,6.05,32.016,0,10.7,0,1.194,3.04,12.19,0
6/26/2025,21:00, ,gtmpcwq_13K102679_062425_050000.bin,Pellicer Creek,GTMNERR,32,24.202,0,14.55,0,-0.036,0,,-2,,-2,94.51,31.43,7.65,0,-53.7,6.04,31.982,0,11.78,0,1.2,2.85,11.45,0
6/26/2025,21:15, ,gtmpcwq_13K102679_062425_050000.bin,Pellicer Creek,GTMNERR,32,26.549,0,16.11,0,0.004,0,,-2,,-2,88.73,29.5,7.64,0,-53.3,6.05,32.014,0,16.8,0,1.196,2.91,11.67,0
6/26/2025,21:30, ,gtmpcwq_13K102679_062425_050000.bin,Pellicer Creek,GTMNERR,32,27.651,0,16.85,0,0.05,0,,-2,,-2,88.28,29.35,7.65,0,-54.1,6.05,31.87,0,14.19,0,1.19,2.79,11.18,0
6/26/2025,21:45, ,gtmpcwq_13K102679_062425_050000.bin,Pellicer Creek,GTMNERR,32,30.193,0,18.56,0,0.098,0,,-2,,-2,82.87,27.54,7.62,0,-51.7,6.05,31.845,0,17.74,0,1.183,2.81,11.27,0
6/26/2025,22:00, ,gtmpcwq_13K102679_062425_050000.bin,Pellicer Creek,GTMNERR,32,31.06,0,19.15,0,0.148,0,,-2,,-2,82.02,27.26,7.64,0,-53.2,6.05,31.763,0,16.86,0,1.2,2.53,10.15,0
6/26/2025,22:15, ,gtmpcwq_13K102679_062425_050000.bin,Pellicer Creek,GTMNERR,32,33.309,0,20.7,0,0.2,0,,-2,,-2,71.7,23.81,7.66,0,-54.3,6.05,31.529,0,34.7,0,1.196,2.64,10.6,0
6/26/2025,22:30, ,gtmpcwq_13K102679_062425_050000.bin,Pellicer Creek,GTMNERR,32,35.503,0,22.21,0,0.248,0,,-2,,-2,59.96,19.89,7.68,0,-55.8,6.05,31.423,0,64.08,0,1.188,2.9,11.65,0
6/26/2025,22:45, ,gtmpcwq_13K102679_062425_050000.bin,Pellicer Creek,GTMNERR,32,36.513,0,22.92,0,0.292,0,,-2,,-2,71.9,23.88,7.7,0,-56.8,6.05,31.222,0,19.44,0,1.19,2.32,9.29,0
6/26/2025,23:00, ,gtmpcwq_13K102679_062425_050000.bin,Pellicer Creek,GTMNERR,32,38.05,0,24,0,0.327,0,,-2,,-2,69.13,22.95,7.71,0,-57.2,6.05,31.14,0,17.75,0,1.202,2.14,8.59,0
6/26/2025,23:15, ,gtmpcwq_13K102679_062425_050000.bin,Pellicer Creek,GTMNERR,32,39.502,0,25.02,0,0.355,0,,-2,,-2,65.08,21.6,7.71,0,-57.6,6.05,31.016,0,20,0,1.192,2.05,8.23,0
6/26/2025,23:30, ,gtmpcwq_13K102679_062425_050000.bin,Pellicer Creek,GTMNERR,32,40.817,0,25.95,0,0.377,0,,-2,,-2,61.15,20.29,7.73,0,-58.4,6.05,30.868,0,20.26,0,1.198,1.97,7.88,0
6/26/2025,23:45, ,gtmpcwq_13K102679_062425_050000.bin,Pellicer Creek,GTMNERR,32,41.843,0,26.68,0,0.395,0,,-2,,-2,60.56,20.09,7.73,0,-58.6,6.05,30.737,0,16.07,0,1.186,1.84,7.35,0
6/27/2025,0:00, ,gtmpcwq_13K102679_062425_050000.bin,Pellicer Creek,GTMNERR,32,42.928,0,27.46,0,0.408,0,,-2,,-2,56.6,18.77,7.75,0,-59.8,6.05,30.657,0,17.01,0,1.183,1.87,7.5,0
6/27/2025,0:15, ,gtmpcwq_13K102679_062425_050000.bin,Pellicer Creek,GTMNERR,32,44.049,0,28.26,0,0.416,0,,-2,,-2,52.54,17.41,7.76,0,-60.3,6.05,30.622,0,24.66,0,1.194,1.75,6.99,0
6/27/2025,0:30, ,gtmpcwq_13K102679_062425_050000.bin,Pellicer Creek,GTMNERR,32,44.743,0,28.76,0,0.424,0,,-2,,-2,50.85,16.85,7.76,0,-60.6,6.05,30.587,0,17.41,0,1.184,1.5,6,0
6/27/2025,0:45, ,gtmpcwq_13K102679_062425_050000.bin,Pellicer Creek,GTMNERR,32,45.384,0,29.22,0,0.425,0,,-2,,-2,49.33,16.34,7.75,0,-59.9,6.05,30.54,0,18.86,0,1.196,1.45,5.78,0
6/27/2025,1:00, ,gtmpcwq_13K102679_062425_050000.bin,Pellicer Creek,GTMNERR,32,45.973,0,29.65,0,0.421,0,,-2,,-2,47.6,15.76,7.73,0,-58.4,6.05,30.566,0,16.94,0,1.186,1.41,5.64,0
6/27/2025,1:15, ,gtmpcwq_13K102679_062425_050000.bin,Pellicer Creek,GTMNERR,32,45.959,0,29.64,0,0.408,0,,-2,,-2,47.43,15.71,7.72,0,-57.9,6.05,30.56,0,13.45,0,1.187,1.24,4.93,0
6/27/2025,1:30, ,gtmpcwq_13K102679_062425_050000.bin,Pellicer Creek,GTMNERR,32,45.872,0,29.58,0,0.387,0,,-2,,-2,48.32,16,7.72,0,-58.1,6.05,30.543,0,13.97,0,1.193,1.34,5.36,0
6/27/2025,1:45, ,gtmpcwq_13K102679_062425_050000.bin,Pellicer Creek,GTMNERR,32,45.272,0,29.14,0,0.364,0,,-2,,-2,51.47,17.06,7.77,0,-60.8,6.05,30.53,0,12.09,0,1.192,1.53,6.12,0
6/27/2025,2:00, ,gtmpcwq_13K102679_062425_050000.bin,Pellicer Creek,GTMNERR,32,44.832,0,28.83,0,0.342,0,,-2,,-2,51.59,17.1,7.75,0,-59.9,6.05,30.562,0,13.97,0,1.194,1.44,5.74,0
6/27/2025,2:15, ,gtmpcwq_13K102679_062425_050000.bin,Pellicer Creek,GTMNERR,32,43.773,0,28.07,0,0.324,0,,-2,,-2,52.39,17.36,7.75,0,-59.6,6.05,30.586,0,23.39,0,1.187,1.82,7.29,0
6/27/2025,2:30, ,gtmpcwq_13K102679_062425_050000.bin,Pellicer Creek,GTMNERR,32,42.624,0,27.24,0,0.303,0,,-2,,-2,53.75,17.82,7.73,0,-58.5,6.05,30.608,0,31.14,0,1.2,1.92,7.68,0
6/27/2025,2:45, ,gtmpcwq_13K102679_062425_050000.bin,Pellicer Creek,GTMNERR,32,41.101,0,26.16,0,0.279,0,,-2,,-2,57.51,19.07,7.71,0,-57.1,6.05,30.57,0,35.02,0,1.195,2.03,8.15,0
6/27/2025,3:00, ,gtmpcwq_13K102679_062425_050000.bin,Pellicer Creek,GTMNERR,32,38.958,0,24.65,0,0.253,0,,-2,,-2,64.95,21.56,7.66,0,-54.4,6.05,30.496,0,26.34,0,1.185,2.05,8.23,0
6/27/2025,3:15, ,gtmpcwq_13K102679_062425_050000.bin,Pellicer Creek,GTMNERR,32,37.078,0,23.33,0,0.228,0,,-2,,-2,70.71,23.48,7.62,0,-51.6,6.05,30.545,0,19.53,0,1.192,2,8.01,0
6/27/2025,3:30, ,gtmpcwq_13K102679_062425_050000.bin,Pellicer Creek,GTMNERR,32,35.878,0,22.5,0,0.2,0,,-2,,-2,75.08,24.94,7.59,0,-50.3,6.05,30.564,0,18.48,0,1.183,2.02,8.11,0
6/27/2025,3:45, ,gtmpcwq_13K102679_062425_050000.bin,Pellicer Creek,GTMNERR,32,34.95,0,21.85,0,0.175,0,,-2,,-2,76.72,25.49,7.58,0,-49.2,6.05,30.508,0,17.3,0,1.19,2.21,8.85,0
6/27/2025,4:00, ,gtmpcwq_13K102679_062425_050000.bin,Pellicer Creek,GTMNERR,32,33.503,0,20.86,0,0.15,0,,-2,,-2,80.65,26.8,7.53,0,-46.6,6.05,30.481,0,14.74,0,1.202,2.13,8.54,0
6/27/2025,4:15, ,gtmpcwq_13K102679_062425_050000.bin,Pellicer Creek,GTMNERR,32,31.844,0,19.72,0,0.124,0,,-2,,-2,85.14,28.3,7.52,0,-45.7,6.05,30.496,0,11.93,0,1.187,2.2,8.8,0
6/27/2025,4:30, ,gtmpcwq_13K102679_062425_050000.bin,Pellicer Creek,GTMNERR,32,30.837,0,19.03,0,0.099,0,,-2,,-2,87.25,29.01,7.46,0,-42.4,6.05,30.531,0,9.81,0,1.197,2.07,8.3,0
6/27/2025,4:45, ,gtmpcwq_13K102679_062425_050000.bin,Pellicer Creek,GTMNERR,32,29.99,0,18.46,0,0.074,0,,-2,,-2,88.23,29.33,7.46,0,-42,6.05,30.534,0,12.03,0,1.192,2.23,8.94,0
6/27/2025,5:00, ,gtmpcwq_13K102679_062425_050000.bin,Pellicer Creek,GTMNERR,32,29.309,0,17.99,0,0.051,0,,-2,,-2,90.06,29.94,7.46,0,-42.4,6.05,30.517,0,10.68,0,1.185,2.06,8.24,0
6/27/2025,5:15, ,gtmpcwq_13K102679_062425_050000.bin,Pellicer Creek,GTMNERR,32,28.916,0,17.73,0,0.029,0,,-2,,-2,90.78,30.18,7.45,0,-41.3,6.05,30.478,0,10.47,0,1.195,2.08,8.33,0
6/27/2025,5:30, ,gtmpcwq_13K102679_062425_050000.bin,Pellicer Creek,GTMNERR,32,29.582,0,18.18,0,0.006,0,,-2,,-2,90.27,30.01,7.48,0,-43.2,6.05,30.487,0,11.37,0,1.187,2.47,9.92,0
6/27/2025,5:45, ,gtmpcwq_13K102679_062425_050000.bin,Pellicer Creek,GTMNERR,32,29.475,0,18.11,0,-0.014,0,,-2,,-2,90.45,30.07,7.47,0,-42.4,6.05,30.467,0,11.43,0,1.195,2.44,9.79,0
6/27/2025,6:00, ,gtmpcwq_13K102679_062425_050000.bin,Pellicer Creek,GTMNERR,32,29.035,0,17.81,0,-0.032,0,,-2,,-2,90.62,30.13,7.45,0,-41.3,6.05,30.476,0,11.49,0,1.198,2.43,9.74,0
6/27/2025,6:15, ,gtmpcwq_13K102679_062425_050000.bin,Pellicer Creek,GTMNERR,32,28.862,0,17.69,0,-0.051,0,,-2,,-2,91.25,30.34,7.44,0,-41,6.05,30.437,0,13.11,0,1.197,2.62,10.53,0
6/27/2025,6:30, ,gtmpcwq_13K102679_062425_050000.bin,Pellicer Creek,GTMNERR,32,27.616,0,16.86,0,-0.069,0,,-2,,-2,94.3,31.36,7.44,0,-40.9,6.05,30.388,0,11.48,0,1.199,2.58,10.34,0
6/27/2025,6:45, ,gtmpcwq_13K102679_062425_050000.bin,Pellicer Creek,GTMNERR,32,27.462,0,16.75,0,-0.083,0,,-2,,-2,93.9,31.23,7.42,0,-39.8,6.05,30.414,0,10.88,0,1.195,2.52,10.13,0
6/27/2025,7:00, ,gtmpcwq_13K102679_062425_050000.bin,Pellicer Creek,GTMNERR,32,28.029,0,17.13,0,-0.096,0,,-2,,-2,92.88,30.89,7.39,0,-37.9,6.05,30.377,0,10.48,0,1.2,2.39,9.6,0
6/27/2025,7:15, ,gtmpcwq_13K102679_062425_050000.bin,Pellicer Creek,GTMNERR,32,27.074,0,16.5,0,-0.106,0,,-2,,-2,95.18,31.65,7.39,0,-37.9,6.05,30.318,0,10.66,0,1.196,2.59,10.38,0
6/27/2025,7:30, ,gtmpcwq_13K102679_062425_050000.bin,Pellicer Creek,GTMNERR,32,26.966,0,16.42,0,-0.116,0,,-2,,-2,93.67,31.15,7.33,0,-34,6.05,30.325,0,11.56,0,1.188,2.09,8.38,0
6/27/2025,7:45, ,gtmpcwq_13K102679_062425_050000.bin,Pellicer Creek,GTMNERR,32,26.519,0,16.12,0,-0.124,0,,-2,,-2,93.74,31.17,7.3,0,-32.3,6.05,30.298,0,8.28,0,1.191,2.07,8.3,0
6/27/2025,8:00, ,gtmpcwq_13K102679_062425_050000.bin,Pellicer Creek,GTMNERR,32,25.895,0,15.71,0,-0.131,0,,-2,,-2,95.37,31.72,7.29,0,-31.5,6.05,30.282,0,8.75,0,1.198,1.88,7.53,0
6/27/2025,8:15, ,gtmpcwq_13K102679_062425_050000.bin,Pellicer Creek,GTMNERR,32,25.237,0,15.27,0,-0.134,0,,-2,,-2,94.91,31.56,7.27,0,-30.8,6.05,30.279,0,9.87,0,1.184,1.97,7.9,0
6/27/2025,8:30, ,gtmpcwq_13K102679_062425_050000.bin,Pellicer Creek,GTMNERR,32,25.454,0,15.42,0,-0.12,0,,-2,,-2,96.69,32.16,7.32,0,-33.3,6.05,30.278,0,10.32,0,1.195,2.3,9.21,0
6/27/2025,8:45, ,gtmpcwq_13K102679_062425_050000.bin,Pellicer Creek,GTMNERR,32,24.105,0,14.52,0,-0.101,0,,-2,,-2,100.01,33.27,7.32,0,-33.3,6.05,30.252,0,9.32,0,1.19,2.1,8.41,0
6/27/2025,9:00, ,gtmpcwq_13K102679_062425_050000.bin,Pellicer Creek,GTMNERR,32,23.626,0,14.2,0,-0.081,0,,-2,,-2,100.69,33.49,7.37,0,-36.7,6.05,30.395,0,9.56,0,1.193,2.44,9.79,0
6/27/2025,9:15, ,gtmpcwq_13K102679_062425_050000.bin,Pellicer Creek,GTMNERR,32,23.34,0,14.01,0,-0.063,0,,-2,,-2,102.01,33.93,7.38,0,-37.1,6.05,30.561,0,10.61,0,1.186,2.61,10.49,0
6/27/2025,9:30, ,gtmpcwq_13K102679_062425_050000.bin,Pellicer Creek,GTMNERR,32,25.431,0,15.39,0,-0.04,0,,-2,,-2,97.59,32.46,7.47,0,-42.5,6.05,30.687,0,9.77,0,1.198,2.66,10.67,0
6/27/2025,9:45, ,gtmpcwq_13K102679_062425_050000.bin,Pellicer Creek,GTMNERR,32,28.701,0,17.58,0,-0.009,0,,-2,,-2,89.77,29.85,7.49,0,-43.8,6.05,30.684,0,14.24,0,1.198,2.67,10.71,0
6/27/2025,10:00, ,gtmpcwq_13K102679_062425_050000.bin,Pellicer Creek,GTMNERR,32,28.732,0,17.6,0,0.023,0,,-2,,-2,90.14,29.97,7.51,0,-45.2,6.05,30.776,0,12.29,0,1.194,2.81,11.27,0
6/27/2025,10:15, ,gtmpcwq_13K102679_062425_050000.bin,Pellicer Creek,GTMNERR,32,29.452,0,18.08,0,0.049,0,,-2,,-2,88.02,29.26,7.52,0,-45.5,6.05,30.883,0,13.81,0,1.202,2.76,11.06,0
6/27/2025,10:30, ,gtmpcwq_13K102679_062425_050000.bin,Pellicer Creek,GTMNERR,32,29.999,0,18.45,0,0.078,0,,-2,,-2,87.48,29.08,7.53,0,-46.7,6.05,30.913,0,14.05,0,1.19,2.73,10.94,0
6/27/2025,10:45, ,gtmpcwq_13K102679_062425_050000.bin,Pellicer Creek,GTMNERR,32,33.385,0,20.77,0,0.111,0,,-2,,-2,80.52,26.76,7.5,0,-44.9,6.05,30.638,0,18.02,0,1.202,2.79,11.19,0
6/27/2025,11:00, ,gtmpcwq_13K102679_062425_050000.bin,Pellicer Creek,GTMNERR,32,33.818,0,21.07,0,0.148,0,,-2,,-2,80.04,26.6,7.52,0,-45.5,6.05,30.568,0,16.23,0,1.184,3.08,12.39,0
6/27/2025,11:15, ,gtmpcwq_13K102679_062425_050000.bin,Pellicer Creek,GTMNERR,32,34.626,0,21.62,0,0.178,0,,-2,,-2,79.48,26.41,7.52,0,-46,6.05,30.76,0,14.51,0,1.19,2.53,10.16,0
6/27/2025,11:30, ,gtmpcwq_13K102679_062425_050000.bin,Pellicer Creek,GTMNERR,32,36.236,0,22.74,0,0.204,0,,-2,,-2,76.67,25.47,7.55,0,-47.7,6.05,30.808,0,15.98,0,1.193,2.93,11.78,0
