"station_code","ProgramType","adjustedtimestamp","DOC","TP","TDP","TKN","TKNF","TOTALK"
"gtmfmnut1.1","Grab",2025-01-14 10:30:00,2025-01-30,2025-01-17,2025-01-17,2025-01-24,2025-01-24,NA
"gtmfmnut1.2","Grab",2025-01-14 10:33:00,2025-01-30,2025-01-17,2025-01-17,2025-01-24,2025-01-24,NA
"gtmpcnut1.1","Grab",2025-01-14 12:56:00,2025-02-01,2025-01-17,2025-01-17,2025-01-21,2025-01-21,NA
"gtmpcnut1.2","Grab",2025-01-14 12:58:00,2025-02-01,2025-01-17,2025-01-17,2025-01-21,2025-01-21,NA
"gtmpinut1.1","Grab",2025-01-14 13:21:00,2025-01-30,2025-01-17,2025-01-17,2025-01-21,2025-01-21,NA
"gtmpinut1.1","Grab",2025-01-14 13:23:00,NA,NA,NA,NA,NA,NA
"gtmpinut1.2","Grab",2025-01-14 13:23:00,2025-01-30,2025-01-17,2025-01-17,2025-01-21,2025-01-21,NA
"gtmssnut1.1","Grab",2025-01-14 11:57:00,2025-01-30,2025-01-17,2025-01-17,2025-01-24,2025-01-24,NA
"gtmssnut1.2","Grab",2025-01-14 11:59:00,2025-01-30,2025-01-17,2025-01-17,2025-01-24,2025-01-24,NA
"gtmpcnut2.1","Diel",2025-01-27 09:30:00,2025-02-04,2025-02-04,2025-02-04,2025-02-05,2025-02-05,NA
"gtmpcnut2.11","Diel",2025-01-28 10:30:00,2025-02-04,2025-02-04,NA,2025-02-21,NA,NA
"gtmpcnut2.3","Diel",2025-01-27 14:30:00,2025-02-04,2025-02-04,NA,2025-02-05,NA,NA
"gtmpcnut2.4","Diel",2025-01-27 17:00:00,2025-02-04,2025-01-31,NA,2025-02-06,NA,NA
"gtmpcnut2.5","Diel",2025-01-27 19:30:00,2025-02-04,2025-02-04,NA,2025-02-06,NA,NA
"gtmpcnut2.6","Diel",2025-01-27 22:00:00,2025-02-04,2025-01-31,NA,2025-02-05,NA,NA
"gtmpcnut2.7","Diel",2025-01-28 00:30:00,2025-02-10,2025-02-04,NA,2025-02-05,NA,NA
"gtmpcnut2.8","Diel",2025-01-28 03:00:00,2025-02-10,2025-02-04,NA,2025-02-05,NA,NA
"gtmpcnut2.2","Diel",2025-01-27 12:00:00,2025-02-04,2025-02-04,NA,2025-02-05,NA,NA
"gtmfmnut1.2","Grab",2025-02-12 10:23:00,2025-02-25,2025-02-21,2025-02-21,2025-02-18,2025-02-18,NA
"gtmfmnut1.1","Grab",2025-02-12 10:21:00,2025-02-25,2025-02-21,2025-02-21,2025-02-18,2025-02-18,NA
"gtmpcnut1.2","Grab",2025-02-12 12:43:00,2025-02-25,2025-02-21,2025-02-21,2025-02-24,2025-02-18,NA
"gtmpcnut1.1","Grab",2025-02-12 12:41:00,2025-02-25,2025-02-21,2025-02-21,2025-02-24,2025-02-18,NA
"gtmpinut1.2","Grab",2025-02-12 12:57:00,2025-03-06,2025-02-21,2025-02-21,2025-03-03,2025-02-18,NA
"gtmpinut1.1","Grab",2025-02-12 12:55:00,2025-02-25,2025-02-21,2025-02-21,2025-02-18,2025-02-18,NA
"gtmssnut1.1","Grab",2025-02-12 11:33:00,2025-02-25,2025-02-21,2025-02-21,2025-02-18,2025-02-18,NA
"gtmssnut1.2","Grab",2025-02-12 11:35:00,2025-03-06,2025-02-21,2025-02-21,2025-02-18,2025-02-18,NA
"gtmpcnut2.1","Diel",2025-02-25 09:45:00,2025-03-06,2025-03-10,2025-03-10,2025-03-10,2025-03-10,NA
"gtmpcnut2.10","Diel",2025-02-26 08:15:00,2025-03-13,2025-03-10,NA,2025-03-06,NA,NA
"gtmpcnut2.11","Diel",2025-02-26 10:45:00,2025-03-13,2025-03-10,NA,2025-03-06,NA,NA
"gtmpcnut2.2","Diel",2025-02-25 12:15:00,2025-03-06,2025-03-10,NA,2025-03-06,NA,NA
"gtmpcnut2.3","Diel",2025-02-25 14:45:00,2025-03-06,2025-03-10,NA,2025-03-06,NA,NA
"gtmpcnut2.4","Diel",2025-02-25 17:15:00,2025-03-13,2025-03-10,NA,2025-03-06,NA,NA
"gtmpcnut2.5","Diel",2025-02-25 19:45:00,2025-03-13,2025-03-10,NA,2025-03-06,NA,NA
"gtmpcnut2.6","Diel",2025-02-25 22:15:00,2025-03-13,2025-03-10,NA,2025-03-06,NA,NA
"gtmpcnut2.7","Diel",2025-02-26 00:45:00,2025-03-13,2025-03-10,NA,2025-03-06,NA,NA
"gtmpcnut2.8","Diel",2025-02-26 03:15:00,2025-03-13,2025-03-10,NA,2025-03-06,NA,NA
"gtmpcnut2.9","Diel",2025-02-26 05:45:00,2025-03-13,2025-03-10,NA,2025-03-06,NA,NA
"gtmfmnut1.1","Grab",2025-03-26 07:21:00,2025-04-16,2025-04-03,2025-04-03,2025-04-04,2025-04-04,NA
"gtmfmnut1.2","Grab",2025-03-26 07:22:00,2025-04-16,2025-04-03,2025-04-03,2025-04-04,2025-04-04,NA
"gtmpcnut1.1","Grab",2025-03-26 09:46:00,2025-04-16,2025-04-03,2025-04-03,2025-04-11,2025-04-04,NA
"gtmpcnut1.2","Grab",2025-03-26 09:48:00,2025-04-16,2025-04-03,2025-04-03,2025-04-11,2025-04-04,NA
"gtmpinut1.1","Grab",2025-03-26 10:18:00,2025-04-16,2025-04-03,2025-04-03,2025-04-11,2025-04-04,NA
"gtmpinut1.2","Grab",2025-03-26 10:19:00,2025-04-16,2025-04-03,2025-04-03,2025-04-11,2025-04-04,NA
"gtmssnut1.2","Grab",2025-03-26 08:36:00,2025-04-16,2025-04-03,2025-04-03,2025-04-04,2025-04-04,NA
"gtmssnut1.1","Grab",2025-03-26 08:34:00,2025-04-16,2025-04-03,2025-04-03,2025-04-04,2025-04-04,NA
"gtmpcnut2.1","Diel",2025-03-25 08:30:00,2025-04-16,2025-04-07,2025-04-03,2025-03-31,2025-03-31,NA
"gtmpcnut2.10","Diel",2025-03-26 07:00:00,2025-04-15,2025-04-03,NA,2025-04-04,NA,NA
"gtmpcnut2.11","Diel",2025-03-26 09:30:00,2025-04-17,2025-04-03,NA,2025-04-04,NA,NA
"gtmpcnut2.2","Diel",2025-03-25 11:00:00,2025-04-16,2025-04-07,NA,2025-03-31,NA,NA
"gtmpcnut2.3","Diel",2025-03-25 13:30:00,2025-04-17,2025-04-07,NA,2025-03-31,NA,NA
"gtmpcnut2.4","Diel",2025-03-25 16:00:00,2025-04-17,2025-04-07,NA,2025-03-31,NA,NA
"gtmpcnut2.5","Diel",2025-03-25 18:30:00,2025-04-15,2025-04-07,NA,2025-03-31,NA,NA
"gtmpcnut2.6","Diel",2025-03-25 21:00:00,2025-04-17,2025-04-07,NA,2025-03-31,NA,NA
"gtmpcnut2.7","Diel",2025-03-25 23:30:00,2025-04-17,2025-04-07,NA,2025-03-31,NA,NA
"gtmpcnut2.8","Diel",2025-03-26 02:00:00,2025-04-17,2025-04-03,NA,2025-04-04,NA,NA
"gtmpcnut2.9","Diel",2025-03-26 04:30:00,2025-04-15,2025-04-03,NA,2025-04-04,NA,NA
"gtmfmnut1.1","Grab",2025-04-09 07:12:00,2025-04-18,2025-04-15,2025-04-15,2025-04-17,2025-04-17,NA
"gtmfmnut1.2","Grab",2025-04-09 07:14:00,2025-04-18,2025-04-15,2025-04-15,2025-04-17,2025-04-17,NA
"gtmpcnut1.1","Grab",2025-04-09 10:18:00,2025-04-19,2025-04-15,2025-04-15,2025-04-17,2025-04-17,NA
"gtmpcnut1.2","Grab",2025-04-09 10:20:00,2025-04-19,2025-04-15,2025-04-15,2025-04-17,2025-04-17,NA
"gtmpinnut1.1","t",2025-04-09 10:15:00,2025-04-18,2025-04-15,2025-04-15,2025-04-17,2025-04-17,NA
"gtmpinnut1.2","t",2025-04-09 10:17:00,2025-04-18,2025-04-15,2025-04-15,2025-04-17,2025-04-17,NA
"gtmssnut1.1","Grab",2025-04-09 08:27:00,2025-04-18,2025-04-15,2025-04-15,2025-04-17,2025-04-17,NA
"gtmssnut1.2","Grab",2025-04-09 08:29:00,2025-04-18,2025-04-15,2025-04-15,2025-04-17,2025-04-17,NA
"gtmpcnut2.1","Diel",2025-04-23 08:30:00,2025-05-02,2025-05-01,2025-05-16,2025-04-29,2025-04-30,NA
"gtmpcnut2.10","Diel",2025-04-24 07:00:00,2025-05-02,2025-05-14,NA,2025-04-30,NA,NA
"gtmpcnut2.11","Diel",2025-04-24 09:30:00,2025-05-07,2025-05-14,NA,2025-04-30,NA,NA
"gtmpcnut2.2","Diel",2025-04-23 11:00:00,2025-05-02,2025-05-01,NA,2025-04-29,NA,NA
"gtmpcnut2.3","Diel",2025-04-23 13:30:00,2025-05-02,2025-05-01,NA,2025-04-29,NA,NA
"gtmpcnut2.4","Diel",2025-04-23 16:00:00,2025-05-02,2025-05-01,NA,2025-04-29,NA,NA
"gtmpcnut2.5","Diel",2025-04-23 18:30:00,2025-05-02,2025-05-01,NA,2025-04-29,NA,NA
"gtmpcnut2.6","Diel",2025-04-23 21:00:00,2025-05-02,2025-05-01,NA,2025-04-29,NA,NA
"gtmpcnut2.7","Diel",NA,NA,NA,NA,NA,NA,NA
"gtmpcnut2.7","Diel",2025-04-23 23:30:00,2025-05-02,2025-05-01,NA,2025-04-29,NA,NA
"gtmpcnut2.8","Diel",2025-04-24 02:00:00,2025-05-02,2025-05-14,NA,2025-04-29,NA,NA
"gtmpcnut2.9","Diel",2025-04-24 04:30:00,2025-05-02,2025-05-14,NA,2025-04-29,NA,NA
"gtmfmnut1.1","Grab",2025-05-28 10:21:00,2025-06-05,2025-06-10,2025-06-10,2025-06-03,2025-06-03,NA
"gtmfmnut1.2","Grab",2025-05-28 10:23:00,2025-06-05,2025-06-10,2025-06-10,2025-06-03,2025-06-03,NA
"gtmpcnut1.1","Grab",2025-05-28 13:07:00,2025-06-11,2025-06-10,2025-06-10,2025-06-11,2025-06-03,NA
"gtmpcnut1.2","Grab",2025-05-28 13:08:00,2025-06-11,2025-06-10,2025-06-10,2025-06-11,2025-06-03,NA
"gtmpinut1.1","Grab",2025-05-28 12:30:00,2025-06-11,2025-06-10,2025-06-10,2025-06-03,2025-06-03,NA
"gtmpinut1.2","Grab",2025-05-28 12:32:00,2025-06-11,2025-06-10,2025-06-10,2025-06-03,2025-06-03,NA
"gtmssnut1.1","Grab",2025-05-28 11:19:00,2025-06-05,2025-06-10,2025-06-10,2025-06-03,2025-06-03,NA
"gtmssnut1.2","Grab",2025-05-28 11:21:00,2025-06-05,2025-06-10,2025-06-10,2025-06-03,2025-06-03,NA
"gtmpcnut2.1","Diel",2025-05-14 08:30:00,2025-05-23,2025-05-28,2025-06-03,2025-05-30,2025-05-30,NA
"gtmpcnut2.10","Diel",2025-05-15 07:00:00,2025-05-24,2025-06-03,NA,2025-05-27,NA,NA
"gtmpcnut2.11","Diel",2025-05-15 09:30:00,2025-05-24,2025-06-03,NA,2025-05-27,NA,NA
"gtmpcnut2.2","Diel",2025-05-14 11:00:00,2025-05-23,2025-05-28,NA,2025-05-30,NA,NA
"gtmpcnut2.3","Diel",2025-05-14 13:30:00,2025-05-23,2025-05-28,NA,2025-05-30,NA,NA
"gtmpcnut2.4","Diel",2025-05-14 16:00:00,2025-05-23,2025-05-28,NA,2025-05-30,NA,NA
"gtmpcnut2.5","Diel",2025-05-14 18:30:00,2025-05-23,2025-05-28,NA,2025-05-30,NA,NA
"gtmpcnut2.6","Diel",2025-05-14 21:00:00,2025-05-24,2025-05-28,NA,2025-05-30,NA,NA
"gtmpcnut2.7","Diel",2025-05-14 23:30:00,2025-05-23,2025-06-03,NA,2025-05-27,NA,NA
"gtmpcnut2.8","Diel",2025-05-15 02:00:00,2025-05-24,2025-06-03,NA,2025-05-27,NA,NA
"gtmpcnut2.9","Diel",2025-05-15 04:30:00,2025-05-24,2025-06-03,NA,2025-05-27,NA,NA
"gtmfmnut1.1","Grab",2025-06-10 09:05:00,2025-06-27,2025-06-20,2025-06-19,2025-06-17,2025-06-16,NA
"gtmfmnut1.2","Grab",2025-06-10 09:07:00,2025-06-27,2025-06-20,2025-06-19,2025-06-17,2025-06-16,NA
"gtmpcnut1.1","Grab",2025-06-10 12:22:00,2025-06-24,2025-06-19,2025-06-23,2025-06-17,2025-06-18,NA
"gtmpcnut1.2","Grab",2025-06-10 12:23:00,2025-06-24,2025-06-19,2025-06-23,2025-06-17,2025-06-18,NA
"gtmpinut1.1","Grab",2025-06-10 11:44:00,2025-06-24,2025-06-19,2025-06-23,2025-06-17,2025-06-16,NA
"gtmpinut1.2","Grab",2025-06-10 11:46:00,2025-06-24,2025-06-19,2025-06-23,2025-06-17,2025-06-16,NA
"gtmssnut1.1","Grab",2025-06-10 10:06:00,2025-06-24,2025-06-19,2025-06-19,2025-06-17,2025-06-16,NA
"gtmssnut1.2","Grab",2025-06-10 10:08:00,2025-06-24,2025-06-19,2025-06-19,2025-06-17,2025-06-16,NA
"gtmpcnut2.1","Diel",2025-06-23 08:30:00,2025-07-09,2025-07-02,2025-07-02,2025-07-01,2025-07-01,NA
"gtmpcnut2.10","Diel",2025-06-24 07:00:00,2025-07-03,2025-07-02,NA,2025-07-01,NA,NA
"gtmpcnut2.11","Diel",2025-06-24 09:30:00,2025-07-03,2025-07-02,NA,2025-07-08,NA,NA
"gtmpcnut2.2","Diel",2025-06-23 11:00:00,2025-07-03,2025-07-02,NA,2025-06-30,NA,NA
"gtmpcnut2.3","Diel",2025-06-23 13:30:00,2025-07-03,2025-07-02,NA,2025-07-01,NA,NA
"gtmpcnut2.4","Diel",2025-06-23 16:00:00,2025-07-03,2025-07-02,NA,2025-07-01,NA,NA
"gtmpcnut2.5","Diel",2025-06-23 18:30:00,2025-07-03,2025-07-02,NA,2025-07-01,NA,NA
"gtmpcnut2.6","Diel",2025-06-23 21:00:00,2025-07-03,2025-07-02,NA,2025-07-01,NA,NA
"gtmpcnut2.7","Diel",2025-06-23 23:30:00,2025-07-15,2025-07-16,NA,2025-07-17,NA,NA
"gtmpcnut2.8","Diel",2025-06-24 02:00:00,2025-07-03,2025-07-02,NA,2025-07-01,NA,NA
"gtmpcnut2.9","Diel",2025-06-24 04:30:00,2025-07-03,2025-07-02,NA,2025-07-01,NA,NA
"gtmfmnut1.1","Grab",2025-07-09 12:05:00,2025-07-16,2025-07-18,2025-07-18,2025-07-14,2025-07-14,NA
"gtmfmnut1.2","Grab",2025-07-09 12:06:00,2025-07-16,2025-07-18,2025-07-18,2025-07-14,2025-07-14,NA
"gtmpcnut1.1","Grab",2025-07-09 11:39:00,2025-07-16,2025-07-18,2025-07-18,2025-07-15,2025-07-15,NA
"gtmpcnut1.2","Grab",2025-07-09 11:40:00,2025-07-16,2025-07-18,2025-07-18,2025-07-15,2025-07-15,NA
"gtmpinut1.1","Grab",2025-07-09 09:30:00,2025-07-16,2025-07-18,2025-07-18,2025-07-14,2025-07-14,NA
"gtmpinut1.2","Grab",2025-07-09 09:32:00,2025-07-16,2025-07-18,2025-07-18,2025-07-14,2025-07-14,NA
"gtmssnut1.1","Grab",2025-07-09 08:08:00,2025-07-16,2025-07-22,2025-07-18,2025-07-14,2025-07-14,NA
"gtmssnut1.2","Grab",2025-07-09 08:10:00,2025-07-16,2025-07-22,2025-07-18,2025-07-14,2025-07-14,NA
"gtmpcnut2.1","Diel",2025-07-22 08:30:00,2025-08-01,2025-07-29,2025-07-29,2025-07-29,2025-07-29,NA
"gtmpcnut2.10","Diel",2025-07-23 07:00:00,2025-07-31,2025-07-30,NA,2025-07-30,NA,NA
"gtmpcnut2.11","Diel",2025-07-23 09:30:00,2025-08-01,2025-07-30,NA,2025-07-30,NA,NA
"gtmpcnut2.2","Diel",2025-07-22 11:00:00,2025-07-31,2025-07-29,NA,2025-07-29,NA,NA
"gtmpcnut2.3","Diel",2025-07-22 13:30:00,2025-07-31,2025-07-30,NA,2025-07-29,NA,NA
"gtmpcnut2.4","Diel",2025-07-22 16:00:00,2025-07-31,2025-07-30,NA,2025-07-29,NA,NA
"gtmpcnut2.5","Diel",2025-07-22 18:30:00,2025-07-31,2025-07-30,NA,2025-07-29,NA,NA
"gtmpcnut2.6","Diel",2025-07-22 21:00:00,2025-08-01,2025-07-30,NA,2025-07-29,NA,NA
"gtmpcnut2.7","Diel",2025-07-22 23:30:00,2025-08-01,2025-07-30,NA,2025-08-07,NA,NA
"gtmpcnut2.8","Diel",2025-07-23 02:00:00,2025-07-31,2025-07-30,NA,2025-07-30,NA,NA
"gtmpcnut2.9","Diel",2025-07-23 04:30:00,2025-07-31,2025-07-30,NA,2025-07-30,NA,NA
"gtmfmnut1.1","Grab",2025-08-06 07:16:00,2025-08-12,2025-08-13,2025-08-13,2025-08-20,2025-08-15,NA
"gtmfmnut1.2","Grab",2025-08-06 07:19:00,2025-08-12,2025-08-13,2025-08-13,2025-08-15,2025-08-15,NA
"gtmpcnut1.1","Grab",2025-08-06 10:14:00,2025-08-14,2025-08-14,2025-08-14,2025-08-15,2025-08-15,NA
"gtmpcnut1.2","Grab",2025-08-06 10:16:00,2025-08-15,2025-08-14,2025-08-14,2025-08-15,2025-08-15,NA
"gtmpinnut1.1","t",2025-08-06 09:42:00,2025-08-12,2025-08-13,2025-08-13,2025-08-15,2025-08-15,NA
"gtmpinnut1.2","t",2025-08-06 09:45:00,2025-08-12,2025-08-13,2025-08-13,2025-08-15,2025-08-15,NA
"gtmssnut1.1","Grab",2025-08-06 08:23:00,2025-08-12,2025-08-13,2025-08-13,2025-08-15,2025-08-15,NA
"gtmssnut1.2","Grab",2025-08-06 08:25:00,2025-08-12,2025-08-13,2025-08-13,2025-08-20,2025-08-25,NA
"gtmpcnut2.1","Diel",2025-08-19 08:30:00,2025-08-26,2025-08-28,2025-08-28,2025-08-26,2025-08-26,NA
"gtmpcnut2.10","Diel",2025-08-20 07:00:00,2025-08-26,2025-08-28,NA,2025-08-29,NA,NA
"gtmpcnut2.11","Diel",2025-08-20 09:30:00,2025-08-26,2025-08-28,NA,2025-08-29,NA,NA
"gtmpcnut2.2","Diel",2025-08-19 11:00:00,2025-08-26,2025-08-28,NA,2025-08-26,NA,NA
"gtmpcnut2.3","Diel",2025-08-19 13:30:00,2025-08-25,2025-08-28,NA,2025-08-26,NA,NA
"gtmpcnut2.4","Diel",2025-08-19 16:00:00,2025-08-26,2025-08-28,NA,2025-08-26,NA,NA
"gtmpcnut2.5","Diel",2025-08-19 18:30:00,2025-08-26,2025-08-28,NA,2025-08-26,NA,NA
"gtmpcnut2.6","Diel",2025-08-19 21:00:00,2025-08-26,2025-08-28,NA,2025-08-26,NA,NA
"gtmpcnut2.7","Diel",2025-08-19 23:30:00,2025-08-26,2025-08-28,NA,2025-08-26,NA,NA
"gtmpcnut2.8","Diel",2025-08-20 02:00:00,2025-08-26,2025-08-28,NA,2025-08-29,NA,NA
"gtmpcnut2.9","Diel",2025-08-20 04:30:00,2025-08-28,2025-08-28,NA,2025-08-29,NA,NA
"gtmfmnut1.1","Grab",2025-09-08 09:37:00,2025-09-12,2025-09-16,2025-09-16,2025-09-16,2025-09-16,NA
"gtmfmnut1.2","Grab",2025-09-08 09:39:00,2025-09-12,2025-09-16,2025-09-16,2025-09-16,2025-09-16,NA
"gtmpcnut1.1","Grab",2025-09-08 12:58:00,2025-09-12,2025-09-16,2025-09-16,2025-09-16,2025-09-16,NA
"gtmpcnut1.2","Grab",2025-09-08 13:01:00,2025-09-12,2025-09-16,2025-09-16,2025-09-16,2025-09-16,NA
"gtmpinut1.1","Grab",2025-09-08 11:47:00,2025-09-12,2025-09-16,2025-09-16,2025-09-16,2025-09-16,NA
"gtmpinut1.2","Grab",2025-09-08 11:50:00,2025-09-12,2025-09-16,2025-09-16,2025-09-16,2025-09-16,NA
"gtmssnut1.1","Grab",2025-09-08 10:35:00,2025-09-12,2025-09-16,2025-09-16,2025-09-16,2025-09-16,NA
"gtmssnut1.2","Grab",2025-09-08 10:37:00,2025-09-12,2025-09-16,2025-09-16,2025-09-16,2025-09-16,NA
"gtmpcnut2.1","Diel",2025-09-22 08:30:00,2025-09-29,2025-09-30,2025-09-30,2025-09-30,2025-09-30,NA
"gtmpcnut2.10","Diel",2025-09-23 07:00:00,2025-09-29,2025-10-07,NA,2025-10-01,NA,NA
"gtmpcnut2.11","Diel",2025-09-23 09:30:00,2025-10-10,2025-10-07,NA,2025-10-01,NA,NA
"gtmpcnut2.2","Diel",2025-09-22 11:00:00,2025-09-30,2025-09-30,NA,2025-09-30,NA,NA
"gtmpcnut2.3","Diel",2025-09-22 13:30:00,2025-09-30,2025-10-07,NA,2025-09-30,NA,NA
"gtmpcnut2.4","Diel",2025-09-22 16:00:00,2025-09-30,2025-10-07,NA,2025-10-01,NA,NA
"gtmpcnut2.5","Diel",2025-09-22 18:30:00,2025-09-29,2025-10-07,NA,2025-10-01,NA,NA
"gtmpcnut2.6","Diel",2025-09-22 21:00:00,2025-09-30,2025-10-07,NA,2025-10-01,NA,NA
"gtmpcnut2.7","Diel",2025-09-22 23:30:00,2025-09-30,2025-10-07,NA,2025-10-01,NA,NA
"gtmpcnut2.8","Diel",2025-09-23 02:00:00,2025-10-10,2025-10-07,NA,2025-10-01,NA,NA
"gtmpcnut2.9","Diel",2025-09-23 04:30:00,2025-09-29,2025-10-07,NA,2025-10-01,NA,NA
"gtmfmnut1.1","Grab",2025-10-07 09:35:00,2025-10-14,2025-10-16,2025-10-16,2025-10-10,2025-10-14,NA
"gtmfmnut1.2","Grab",2025-10-07 09:38:00,2025-10-14,2025-10-16,2025-10-16,2025-10-10,2025-10-14,NA
"gtmpcnut1.1","Grab",2025-10-07 12:42:00,2025-10-14,2025-10-23,2025-10-16,2025-10-10,2025-10-14,NA
"gtmpcnut1.2","Grab",2025-10-07 12:45:00,2025-10-14,2025-10-23,2025-10-16,2025-10-10,2025-10-14,NA
"gtmpinut1.1","Grab",2025-10-07 12:17:00,2025-10-14,2025-10-16,2025-10-16,2025-10-10,2025-10-14,NA
"gtmpinut1.2","Grab",2025-10-07 12:20:00,2025-10-14,2025-10-16,2025-10-16,2025-10-10,2025-10-22,NA
"gtmssnut1.1","Grab",2025-10-07 10:54:00,2025-10-14,2025-10-16,2025-10-16,2025-10-10,2025-10-14,NA
"gtmssnut1.2","Grab",2025-10-07 10:57:00,2025-10-14,2025-10-16,2025-10-16,2025-10-10,2025-10-14,NA
"gtmpcnut2.1","Diel",2025-10-20 08:30:00,2025-11-06,2025-11-04,2025-11-04,2025-10-30,2025-10-27,NA
"gtmpcnut2.10","Diel",2025-10-21 07:00:00,2025-11-06,2025-10-30,NA,2025-10-24,NA,NA
"gtmpcnut2.11","Diel",2025-10-21 09:30:00,2025-11-07,2025-11-04,NA,2025-10-24,NA,NA
"gtmpcnut2.2","Diel",2025-10-20 11:00:00,2025-11-07,2025-10-30,NA,2025-10-24,NA,NA
"gtmpcnut2.3","Diel",2025-10-20 13:30:00,2025-11-06,2025-11-04,NA,2025-10-24,NA,NA
"gtmpcnut2.4","Diel",2025-10-20 16:00:00,2025-11-06,2025-10-30,NA,2025-10-24,NA,NA
"gtmpcnut2.5","Diel",2025-10-20 18:30:00,2025-11-06,2025-10-30,NA,2025-11-03,NA,NA
"gtmpcnut2.6","Diel",2025-10-20 21:00:00,2025-11-07,2025-11-04,NA,2025-10-24,NA,NA
"gtmpcnut2.7","Diel",2025-10-20 23:30:00,2025-11-07,2025-11-04,NA,2025-10-24,NA,NA
"gtmpcnut2.8","Diel",2025-10-21 02:00:00,2025-11-06,2025-11-04,NA,2025-10-24,NA,NA
"gtmpcnut2.9","Diel",2025-10-21 04:30:00,2025-11-06,2025-10-30,NA,2025-11-03,NA,NA
"gtmfmnut1.1","Grab",2025-11-05 09:06:00,2025-11-13,2025-11-13,2025-11-18,2025-11-20,2025-11-18,2025-11-08
"gtmfmnut1.2","Grab",2025-11-05 09:08:00,2025-11-13,2025-11-13,2025-11-18,2025-11-20,2025-11-18,NA
"gtmpcnut1.1","Grab",2025-11-05 11:59:00,2025-11-13,2025-11-13,2025-11-18,2025-11-20,2025-11-18,2025-11-08
"gtmpcnut1.2","Grab",2025-11-05 12:02:00,2025-11-13,2025-11-13,2025-11-18,2025-11-20,2025-11-21,NA
"gtmpinut1.1","Grab",2025-11-05 12:04:00,2025-11-13,2025-11-13,2025-11-18,2025-11-20,2025-11-18,2025-11-08
"gtmpinut1.2","Grab",2025-11-05 12:06:00,2025-11-13,2025-11-13,2025-11-18,2025-11-20,2025-11-18,NA
"gtmssnut1.1","Grab",2025-11-05 10:23:00,2025-11-13,2025-11-13,2025-11-18,2025-11-20,2025-11-18,2025-11-08
"gtmssnut1.2","Grab",2025-11-05 10:26:00,2025-11-13,2025-11-13,2025-11-18,2025-11-20,2025-11-18,NA
"gtmpcnut2.1","Diel",2025-11-18 09:30:00,2025-12-02,2025-12-04,2025-12-03,2025-12-03,2025-12-02,NA
"gtmpcnut2.10","Diel",2025-11-19 08:00:00,2025-12-02,2025-12-03,NA,2025-12-03,NA,NA
"gtmpcnut2.2","Diel",2025-11-18 12:00:00,2025-12-02,2025-12-03,NA,2025-12-03,NA,NA
"gtmpcnut2.3","Diel",2025-11-18 14:30:00,2025-12-02,2025-12-03,NA,2025-12-03,NA,NA
"gtmpcnut2.4","Diel",2025-11-18 17:00:00,2025-12-02,2025-12-03,NA,2025-12-03,NA,NA
"gtmpcnut2.5","Diel",2025-11-18 19:30:00,2025-12-02,2025-12-03,NA,2025-12-03,NA,NA
"gtmpcnut2.9","Diel",2025-11-19 05:30:00,2025-12-02,2025-12-03,NA,2025-12-03,NA,NA
"gtmpcnut2.11","Diel",2025-11-19 10:30:00,2025-12-02,2025-12-03,NA,2025-12-03,NA,NA
"gtmfmnut1.1","Grab",2025-12-03 07:57:00,2025-12-06,2025-12-16,2025-12-16,2025-12-10,2025-12-18,2025-12-06
"gtmfmnut1.2","Grab",2025-12-03 07:59:00,2025-12-06,2025-12-16,2025-12-16,2025-12-10,2025-12-18,NA
"gtmpcnut1.1","Grab",2025-12-03 10:48:00,2025-12-06,2025-12-16,2025-12-16,2025-12-10,2025-12-18,2025-12-06
"gtmpcnut1.2","Grab",2025-12-03 10:52:00,2025-12-06,2025-12-18,2025-12-16,2025-12-10,2025-12-18,NA
"gtmpinut1.1","Grab",2025-12-03 10:46:00,2025-12-06,2025-12-16,2025-12-16,2025-12-10,2025-12-23,2025-12-06
"gtmpinut1.2","Grab",2025-12-03 10:48:00,2025-12-06,2025-12-18,2025-12-16,2025-12-10,2025-12-23,NA
"gtmssnut1.1","Grab",2025-12-03 09:10:00,2025-12-06,2025-12-16,2025-12-16,2025-12-10,2025-12-18,2025-12-06
"gtmssnut1.2","Grab",2025-12-03 09:12:00,2025-12-06,2025-12-16,2025-12-16,2025-12-10,2025-12-18,NA
"gtmpcnut2.1","Diel",2025-12-16 09:30:00,2025-12-23,2025-12-31,2025-12-31,2025-12-31,2025-12-23,NA
"gtmpcnut2.10","Diel",2025-12-17 08:00:00,2025-12-23,2025-12-31,NA,2025-12-31,NA,NA
"gtmpcnut2.11","Diel",2025-12-17 10:30:00,2025-12-30,2025-12-31,NA,2025-12-31,NA,NA
"gtmpcnut2.3","Diel",2025-12-16 14:30:00,2025-12-23,2025-12-31,NA,2025-12-23,NA,NA
"gtmpcnut2.4","Diel",2025-12-16 17:00:00,2025-12-23,2025-12-23,NA,2025-12-23,NA,NA
"gtmpcnut2.5","Diel",2025-12-16 19:30:00,2025-12-23,2025-12-23,NA,2025-12-23,NA,NA
"gtmpcnut2.6","Diel",2025-12-16 22:00:00,2025-12-23,2025-12-23,NA,2025-12-23,NA,NA
"gtmpcnut2.7","Diel",2025-12-17 00:30:00,2025-12-23,2025-12-23,NA,2025-12-23,NA,NA
"gtmpcnut2.8","Diel",2025-12-17 03:00:00,2025-12-23,2025-12-31,NA,2025-12-23,NA,NA
"gtmpcnut2.9","Diel",2025-12-17 05:30:00,2025-12-23,2025-12-31,NA,2025-12-23,NA,NA
"gtmpcnut2.2","Diel",2025-12-16 12:00:00,2025-12-23,2025-12-23,NA,2025-12-23,NA,NA
